sc	src	tgt	freq	CogID	forms
a a	a	a	179	1, 2, 3, 7, 11, 12, 17, 20, 23, 24, 25, 26, 27, 28, 29, 31, 34, 35, 36, 37, 39, 40, 49, 52, 55, 56, 61, 62, 69, 71, 73, 74, 92, 94, 105, 110, 111, 112, 115, 117, 118, 120, 121, 129, 132, 133, 134, 143, 149, 153, 154, 176, 183, 184, 185, 186, 187, 188, 190, 191, 192, 200, 201, 207, 221, 222, 232, 237, 243, 244, 245, 254, 255, 256, 257, 259, 261, 263, 264, 265, 266, 267, 295, 299, 301, 305, 326, 331, 336, 337, 338, 339, 347, 367, 368, 369, 371, 372, 373, 374, 386, 390, 401, 402, 403, 406, 409, 410, 412, 426, 428, 438, 439, 440, 441, 443, 444, 445, 446, 447, 448, 462, 463, 468, 469, 472, 483, 485, 504, 505	aγaččï aγači, aldaγ aldaγ, ayan ayan, alačï alač, alma alma, altïlïg altalag, orat orat, artat ārtat, arpa arpa, arïtan aritan, askï aski, bay bay, balkan balkan, balta balta, balvan balvan, bagïn baγin, barum barum, barčun barčun, bas bas, baγatur baγatur, baka baka, bïkaγu bikaγu, bïčak bičak, bïka bika, bolčan bolčan, bolčat bulčat, balturgan balturγan, baka baka, buraγu buraγu, burčaγ burčaγ, basarkan basarkan, busan busan, bular bular, buγδay buγzai, čïgla čigla, čak čak, čakkan čakan, čalïγan čalān, čaltï čalit, čanak čanak, čata čata, čat čat, čatï čati, čïga čïga, čapaγ čapaγ, čolak čolak, čomak čomak, čunaγ čunaγ, darï dara, ǰȧγaγ ǰiγaγ, ǰȧsnaγ ǰisnaγ, kaγδu kaγzu, ǰala ǰala, ǰalïm ǰalum, ǰonaγ ǰonaγ, ǰapaγu ǰapγu, ǰaput ǰaput, ǰarpa ǰarpa, ǰarlïγ ǰarlïγ, ǰarat ǰarat, ǰas ǰas, yarta ǰarta, yartaγan ǰartaγan, ǰïpar ǰïpar, χayїγ hayiγ, χoŋar hangar, ïldam ildam, ïraγ iraγ, kolavuz kalauz, kvaliz kaliz, karlukan karlukan, karamuγ karamuγ, kapkan kapkan, kapuγ kapuγ, kar kar, karakan karakan, karampil karampil, karoγ karoγ, karakotan karakotan, kargay karγay, kataŋ katāng, kazar kazar, kumlaγ kumlaγ, kapurčaγ kopurčaγ, korγan korγan, kasmaγ kasmaγ, kuwan kuwan, munar munar, aγul aγul, učaγ učaγ, oγlaγ oγlaγ, undaγ undaγ, alčuk alčuk, šar šar, šarï šari, šarug šarug, čarlaγ čarlaγ, šarmaγ šarmaγ, čaruγ čaruγ, čatur čatur, šïma šima, čavlï čavli, sagïm sagum, sakaγ sakaγ, sakal sakal, saγïn saγin, sapaγ sapaγ, sar sar, satïγčï satiγči, sav saw, sawur sawur, taltučï taltuči, tanïlč tanilč, tanuγ tanu, taplaγ taplaγ, tar tar, tavar tavar, tarïlaγ tarlaγ, tart tart, tatar tatar, taturgan taturγan, talkïγ talkiγ, tana tana, tolmač tolmač, turma turma, turuntay turuntay, toraγ toraγ, togδak toγzak, vay vay, valaγ valaγ
ɣ ɣ	ɣ	ɣ	108	1, 2, 16, 37, 40, 45, 65, 69, 71, 75, 76, 81, 83, 84, 85, 89, 90, 94, 98, 99, 125, 132, 143, 153, 154, 162, 165, 170, 176, 182, 185, 186, 190, 195, 196, 201, 210, 212, 218, 219, 220, 221, 223, 226, 237, 254, 256, 263, 271, 275, 280, 285, 295, 299, 301, 305, 312, 315, 317, 320, 328, 329, 333, 336, 337, 338, 339, 344, 350, 356, 358, 365, 371, 372, 373, 377, 378, 393, 396, 397, 398, 399, 402, 406, 409, 412, 418, 420, 431, 434, 441, 442, 445, 451, 462, 464, 476, 480, 483, 484, 490, 495, 500, 505, 506	aγaččï aγači, aldaγ aldaγ, opuruγ opuruγ, baγatur baγatur, bïkaγu bikaγu, bürtiγ bürtiγ, boγul boγol, buraγu buraγu, burčaγ burčaγ, bosuγ bosuγ, butїγ butiγ, bäγ beγ, büγtä büγte, büγüči büγüči, belčiγ belčeγ, buγ buγ, bolčuγ bulčuγ, buγδay buγzai, bütüγ bütüγ, büγü büγü, čöpüγ čöpüγ, čapaγ čapaγ, čunaγ čunaγ, ǰȧγaγ ǰiγaγ, ǰȧsnaγ ǰisnaγ, äkäγ ekeγ, inäγ ineγ, äriγ eriγ, kaγδu kaγzu, küsäγü küseγü, ǰonaγ ǰonaγ, ǰapaγu ǰapγu, ǰarlïγ ǰarlïγ, ǰipliγ ǰipliγ, ǰäpiγ ǰepiγ, yartaγan ǰartaγan, ǰäγüz ǰeγüz, ǰuγur ǰuγur, ǰereγ ǰereγ, ǰürüγ ǰürüγ, ǰüγsüγ ǰüγsüγ, χayїγ hayiγ, χїrγuy xirγuy, üdäγ üdeγ, ïraγ iraγ, karamuγ karamuγ, kapuγ kapuγ, karoγ karoγ, kälinčäγ kälinčäγ, käpäγ kepeγ, küčäläγ küčeleγ, kičiγ kičiγ, kumlaγ kumlaγ, kapurčaγ kopurčaγ, korγan korγan, kasmaγ kasmaγ, keliγ keliγ, küńüγ küńüγ, köpčäγ köpčeγ, küpüγ küpüγ, külüläγ külleγ, köligäliγ köligeliγ, učoγ učoγ, aγul aγul, učaγ učaγ, oγlaγ oγlaγ, undaγ undaγ, určuγ určuγ, eliγ eliγ, öγir öγir, äγir eγir, čïγt čaγt, čarlaγ čarlaγ, šarmaγ šarmaγ, čaruγ čaruγ, šipiriγ šipiriγ, čöpräγ čöpreγ, čumluγ šumluγ, šilliγ šilleγ, šiγül šiγül, čiräγ čireγ, siγ siγ, sakaγ sakaγ, saγïn saγin, sapaγ sapaγ, satïγčï satiγči, säpliγ sepleγ, čürüγ sürüγ, čeleγ śeleγ, čiγči śiγči, taplaγ taplaγ, topluγ topluγ, tarïlaγ tarlaγ, täkänäγ tekeneγ, talkïγ talkiγ, tuγ tuγ, töγür tüγür, törüγän türüγen, toraγ toraγ, toγrïl tuγrïl, tiγuk tiγuk, inäγ ineγ, iriγ iriγ, valaγ valaγ, väyśäγ veyseγ
t͡ʃː t͡ʃ	t͡ʃː	t͡ʃ	1	1	aγaččï aγači
ɯ i	ɯ	i	38	1, 24, 25, 31, 40, 49, 52, 54, 72, 76, 105, 121, 130, 221, 223, 224, 232, 234, 236, 237, 238, 296, 346, 368, 385, 386, 390, 406, 412, 423, 438, 439, 462, 492	aγaččï aγači, arïtan aritan, askï aski, bagïn baγin, bïkaγu bikaγu, bïčak bičak, bïka bika, bïrug biruγ, borsï borsi, butїγ butiγ, čïgla čigla, čatï čati, čïgïr čigir, χayїγ hayiγ, χїrγuy xirγuy, χumakï humoki, ïldam ildam, vïm vim, ïr ir, ïraγ iraγ, ïsï isi, kamїčïn kåmičin, orwučï urvoči, šarï šari, šïk šik, šïma šima, čavlï čavli, saγïn saγin, satïγčï satiγči, sïyrum siyrum, taltučï taltuči, tanïlč tanilč, talkïγ talkiγ, urï uri
l l	l	l	91	2, 6, 7, 11, 12, 27, 28, 29, 38, 42, 44, 53, 55, 56, 59, 61, 65, 82, 85, 86, 90, 92, 100, 105, 112, 115, 133, 150, 151, 156, 168, 174, 183, 184, 190, 195, 202, 211, 213, 215, 216, 217, 232, 233, 243, 244, 245, 261, 271, 280, 287, 292, 295, 309, 311, 312, 323, 329, 336, 338, 343, 347, 349, 350, 357, 371, 383, 390, 393, 397, 403, 404, 414, 418, 431, 438, 439, 441, 442, 445, 452, 455, 462, 467, 468, 482, 484, 505, 511	aldaγ aldaγ, al āl, alačï alač, alma alma, altïlïg altalag, balkan balkan, balta balta, balvan balvan, bičil bečel, bäläg beleg, Bärsil bersil, biläčäk bileček, bolčan bolčan, bolčat bulčat, bogul bogul, balturgan balturγan, boγul boγol, bögöläk bögölök, belčiγ belčeγ, bülän belen, bolčuγ bulčuγ, bular bular, čiglä čigle, čïgla čigla, čalïγan čalān, čaltï čalit, čolak čolak, tüli töli, düli döli, dül dül, ärkilč erkelč, ätil etil, ǰala ǰala, ǰalïm ǰalum, ǰarlïγ ǰarlïγ, ǰipliγ ǰipliγ, ǰulkučï ǰilkuš, ǰul ǰul, ǰigil ǰiγil, ǰägilä ǰeγile, ǰemilč ǰemilč, ǰemilčen ǰemilčen, ïldam ildam, il il, kolavuz kalauz, kvaliz kaliz, karlukan karlukan, karampil karampil, kälinčäγ kälinčäγ, küčäläγ küčeleγ, kökärilč kükerilč, koldu koldu, kumlaγ kumlaγ, kölčen külčen, köläk külek, keliγ keliγ, kertweliγ kertβeli, köligäliγ köligeliγ, aγul aγul, oγlaγ oγlaγ, aruslan uruslān, alčuk alčuk, ilt ilt, eliγ eliγ, ävril evril, čarlaγ čarlaγ, širlig šerleg, čavlï čavli, čumluγ šumluγ, šiγül šiγül, sakal sakal, sāl sal, śēl sēl, säpliγ sepleγ, čeleγ śeleγ, taltučï taltuči, tanïlč tanilč, taplaγ taplaγ, topluγ topluγ, tarïlaγ tarlaγ, tilök telük, teŋäl tengel, talkïγ talkiγ, toklu toklu, tolmač tolmač, tokol tukol, toγrïl tuγrïl, valaγ valaγ, vertülük vertelük
d d	d	d	16	2, 149, 151, 156, 157, 167, 177, 226, 232, 272, 292, 306, 310, 339, 493, 509	aldaγ aldaγ, darï dara, düli döli, dül dül, dïg dïg, ärdäm erdem, güdän güden, üdäγ üdeγ, ïldam ildam, kändir kendir, koldu koldu, kädmän kedmen, kindik kindik, undaγ undaγ, edü edü, vändäg vendeg
j j	j	j	11	3, 26, 221, 223, 229, 265, 330, 423, 472, 504, 506	ayan ayan, bay bay, χayїγ hayiγ, χїrγuy xirγuy, äyi äyi, kargay karγay, küväy küvey, sïyrum siyrum, turuntay turuntay, vay vay, väyśäγ veyseγ
n n	n	n	75	3, 24, 27, 29, 31, 35, 47, 55, 61, 73, 74, 86, 87, 97, 111, 112, 117, 141, 143, 154, 165, 169, 177, 179, 185, 193, 201, 205, 208, 217, 228, 245, 255, 259, 264, 271, 272, 273, 282, 288, 289, 296, 301, 306, 308, 309, 310, 319, 325, 326, 331, 332, 339, 343, 351, 353, 354, 364, 370, 406, 411, 416, 422, 435, 439, 440, 448, 451, 463, 472, 475, 479, 480, 495, 509	ayan ayan, arïtan aritan, balkan balkan, balvan balvan, bagïn baγin, barčun barčun, bäčänäg bešeneγ, bolčan bolčan, balturgan balturγan, basarkan basarkan, busan busan, bülän belen, bärtän berten, bǖn bǖn, čakkan čakan, čalïγan čalān, čanak čanak, čikin čükün, čunaγ čunaγ, ǰȧsnaγ ǰisnaγ, inäγ ineγ, ärin erin, güdän güden, gürän güren, ǰonaγ ǰonaγ, ǰekän ǰeken, yartaγan ǰartaγan, ǰūn ǰūn, ǰinǰü ǰinǰü, ǰemilčen ǰemilčen, egän egen, karlukan karlukan, kapkan kapkan, karakan karakan, karakotan karakotan, kälinčäγ kälinčäγ, kändir kendir, kenäšū kenešǖ, kičin kičin, kökärčän kükerčen, kīn kīn, kamїčïn kåmičin, korγan korγan, kädmän kedmen, kökän köken, kölčen külčen, kindik kindik, kepenek kepenek, küsän küsen, kuwan kuwan, munar munar, nögär nöger, undaγ undaγ, aruslan uruslān, ǖn ün, ävirmän eü̯rmen, ärmäni ermeni, özän üzen, šarakan šārkān, saγïn saγin, čaγrïn śārn, sön sön, sin sin, sön sön, tanïlč tanilč, tanuγ tanu, taturgan taturγan, täkänäγ tekeneγ, tana tana, turuntay turuntay, tümän tümen, törütün törtün, törüγän türüγen, inäγ ineγ, vändäg vendeg
a aː	a	aː	11	6, 19, 20, 22, 112, 260, 266, 343, 370, 411	al āl, ar ār, artat ārtat, aruk āruk, čalïγan čalān, koram korām, kataŋ katāng, aruslan uruslān, šarakan šārkān, čaγrïn śārn
t͡ʃ t͡ʃ	t͡ʃ	t͡ʃ	76	7, 35, 38, 49, 53, 55, 56, 70, 71, 84, 85, 90, 100, 105, 110, 111, 112, 115, 117, 118, 120, 121, 123, 124, 125, 129, 130, 132, 133, 134, 138, 139, 140, 141, 142, 143, 144, 145, 168, 172, 216, 217, 269, 271, 280, 281, 282, 285, 287, 288, 296, 299, 304, 309, 317, 321, 333, 337, 344, 346, 347, 365, 371, 373, 374, 378, 381, 390, 398, 412, 434, 438, 439, 468, 503	alačï alač, barčun barčun, bičil bečel, bïčak bičak, biläčäk bileček, bolčan bolčan, bolčat bulčat, burč burč, burčaγ burčaγ, büγüči büγüči, belčiγ belčeγ, bolčuγ bulčuγ, čiglä čigle, čïgla čigla, čak čak, čakkan čakan, čalïγan čalān, čaltï čalit, čanak čanak, čata čata, čat čat, čatï čati, čečäk čëček, čik čik, čöpüγ čöpüγ, čïga čïga, čïgïr čigir, čapaγ čapaγ, čolak čolak, čomak čomak, čükV čük, čök čük, čök čük, čikin čükün, čäwiš čäüš, čunaγ čunaγ, čäwür čevür, čäviri čeviri, ärkilč erkelč, ičkü ičkü, ǰemilč ǰemilč, ǰemilčen ǰemilčen, käčäkä kečeke, kälinčäγ kälinčäγ, küčäläγ küčeleγ, kēč kēč, kičin kičin, kičiγ kičiγ, kökärilč kükerilč, kökärčän kükerčen, kamїčïn kåmičin, kapurčaγ kopurčaγ, koč koč, kölčen külčen, köpčäγ köpčeγ, kevrič kewrič, učoγ učoγ, učaγ učaγ, určuγ určuγ, orwučï urvoči, alčuk alčuk, čïγt čaγt, čarlaγ čarlaγ, čaruγ čaruγ, čatur čatur, čöpräγ čöpreγ, čärig čärig, čavlï čavli, čiräγ čireγ, satïγčï satiγči, čiγči śiγči, taltučï taltuči, tanïlč tanilč, tolmač tolmač, öväč öveč
ɯ -	ɯ	-	6	7, 112, 115, 202, 411, 445	alačï alač, čalïγan čalān, čaltï čalit, ǰulkučï ǰilkuš, čaγrïn śārn, tarïlaγ tarlaγ
m m	m	m	36	11, 34, 134, 167, 184, 198, 203, 204, 216, 217, 224, 232, 234, 254, 260, 261, 295, 296, 298, 303, 305, 306, 331, 353, 354, 372, 386, 393, 401, 405, 423, 460, 468, 469, 475, 498	alma alma, barum barum, čomak čomak, ärdäm erdem, ǰalïm ǰalum, ǰärmäk ǰärmäk, ǰom ǰom, ǰumur ǰumur, ǰemilč ǰemilč, ǰemilčen ǰemilčen, χumakï humoki, ïldam ildam, vïm vim, karamuγ karamuγ, koram korām, karampil karampil, kumlaγ kumlaγ, kamїčïn kåmičin, komur komur, kurum kurum, kasmaγ kasmaγ, kädmän kedmen, munar munar, ävirmän eü̯rmen, ärmäni ermeni, šarmaγ šarmaγ, šïma šima, čumluγ šumluγ, sagïm sagum, sām sam, sïyrum siyrum, terem terem, tolmač tolmač, turma turma, tümän tümen, erim erim
t t	t	t	90	12, 17, 20, 24, 28, 37, 45, 48, 56, 60, 61, 76, 83, 87, 98, 115, 118, 120, 121, 150, 174, 187, 191, 200, 201, 209, 264, 266, 279, 323, 349, 365, 374, 384, 412, 438, 439, 440, 441, 442, 443, 444, 445, 446, 447, 448, 450, 451, 452, 454, 455, 456, 457, 459, 460, 461, 462, 463, 464, 466, 467, 468, 469, 471, 472, 473, 474, 475, 476, 477, 478, 479, 480, 481, 482, 483, 484, 485, 486, 488, 490, 511	altïlïg altalag, orat orat, artat ārtat, arïtan aritan, balta balta, baγatur baγatur, bürtiγ bürtiγ, bitig bitiγ, bolčat bulčat, bogut buγut, balturgan balturγan, butїγ butiγ, büγtä büγte, bärtän berten, bütüγ bütüγ, čaltï čalit, čata čata, čat čat, čatï čati, tüli töli, ätil etil, ǰaput ǰaput, ǰarat ǰarat, yarta ǰarta, yartaγan ǰartaγan, ǰitür ǰitür, karakotan karakotan, kataŋ katāng, kärtä kerte, kertweliγ kertβeli, ilt ilt, čïγt čaγt, čatur čatur, širt širt, satïγčï satiγči, taltučï taltuči, tanïlč tanilč, tanuγ tanu, taplaγ taplaγ, topluγ topluγ, tar tar, tavar tavar, tarïlaγ tarlaγ, tart tart, tatar tatar, taturgan taturγan, täkir teker, täkänäγ tekeneγ, tilök telük, täŋ teng, teŋäl tengel, täŋir teŋir, tävir tevir, tīr tīr, terem terem, teve teve, talkïγ talkiγ, tana tana, tuγ tuγ, toku toku, toklu toklu, tolmač tolmač, turma turma, turo toro, turuntay turuntay, tāt tāt, tükä tüke, tümän tümen, töγür tüγür, tȫr tȫr, türkü türkü, törütün törtün, törüγän türüγen, tezäk tözek, tokol tukol, toraγ toraγ, toγrïl tuγrïl, togδak toγzak, tikär tiker, tör tür, tiγuk tiγuk, vertülük vertelük
ɯ a	ɯ	a	4	12, 149, 365	altïlïg altalag, darï dara, čïγt čaγt
ɡ ɡ	ɡ	ɡ	25	12, 42, 58, 59, 82, 100, 105, 129, 130, 157, 177, 179, 227, 228, 329, 332, 369, 381, 383, 395, 401, 496, 497, 501, 509	altïlïg altalag, bäläg beleg, bog bog, bogul bogul, bögöläk bögölök, čiglä čigle, čïgla čigla, čïga čïga, čïgïr čigir, dïg dïg, güdän güden, gürän güren, ügä üge, egän egen, köligäliγ köligeliγ, nögär nöger, šarug šarug, čärig čärig, širlig šerleg, šivrigey ševrege, sagïm sagum, örgä ürge, örgä ürge, isig isüg, vändäg vendeg
o o	o	o	35	14, 15, 16, 17, 55, 58, 59, 65, 66, 72, 75, 133, 134, 185, 203, 225, 260, 263, 264, 292, 298, 301, 302, 304, 333, 338, 427, 442, 466, 467, 468, 471, 482, 483, 485	op op, opura oporo, opuruγ opuruγ, orat orat, bolčan bolčan, bog bog, bogul bogul, boγul boγol, bor bor, borsï borsi, bosuγ bosuγ, čolak čolak, čomak čomak, ǰonaγ ǰonaγ, ǰom ǰom, urok urok, koram korām, karoγ karoγ, karakotan karakotan, koldu koldu, komur komur, korγan korγan, kowrog kuroγ, koč koč, učoγ učoγ, oγlaγ oγlaγ, soŋkur sonkor, topluγ topluγ, toku toku, toklu toklu, tolmač tolmač, turo toro, tokol tukol, toraγ toraγ, togδak toγzak
p p	p	p	30	14, 15, 16, 23, 125, 132, 186, 187, 188, 195, 196, 197, 207, 255, 256, 261, 275, 299, 317, 318, 319, 320, 376, 377, 378, 409, 417, 418, 441, 442	op op, opura oporo, opuruγ opuruγ, arpa arpa, čöpüγ čöpüγ, čapaγ čapaγ, ǰapaγu ǰapγu, ǰaput ǰaput, ǰarpa ǰarpa, ǰipliγ ǰipliγ, ǰäpiγ ǰepiγ, ǰäpi ǰepi, ǰïpar ǰïpar, kapkan kapkan, kapuγ kapuγ, karampil karampil, käpäγ kepeγ, kapurčaγ kopurčaγ, köpčäγ köpčeγ, köpäk köpek, kepenek kepenek, küpüγ küpüγ, šipir šipir, šipiriγ šipiriγ, čöpräγ čöpreγ, sapaγ sapaγ, sip sip, säpliγ sepleγ, taplaγ taplaγ, topluγ topluγ
u o	u	o	5	15, 65, 346, 427, 471	opura oporo, boγul boγol, orwučï urvoči, soŋkur sonkor, turo toro
r r	r	r	148	15, 16, 17, 19, 20, 22, 23, 24, 34, 35, 37, 43, 44, 45, 54, 61, 66, 68, 69, 70, 71, 72, 73, 87, 92, 130, 144, 145, 149, 166, 167, 168, 169, 170, 179, 188, 190, 191, 198, 200, 201, 204, 207, 209, 212, 218, 219, 222, 223, 225, 231, 236, 237, 245, 254, 257, 259, 260, 261, 263, 264, 265, 267, 272, 277, 278, 279, 287, 288, 298, 299, 300, 301, 302, 303, 321, 323, 331, 332, 342, 343, 344, 345, 346, 348, 352, 353, 354, 355, 356, 357, 358, 367, 368, 369, 370, 371, 372, 373, 374, 376, 377, 378, 380, 381, 382, 383, 384, 394, 395, 398, 410, 411, 419, 420, 423, 427, 428, 436, 443, 444, 445, 446, 447, 448, 450, 456, 457, 459, 460, 469, 471, 472, 476, 477, 478, 479, 480, 483, 484, 486, 488, 492, 496, 497, 498, 500, 511	opura oporo, opuruγ opuruγ, orat orat, ar ār, artat ārtat, aruk āruk, arpa arpa, arïtan aritan, barum barum, barčun barčun, baγatur baγatur, berü bērü, Bärsil bersil, bürtiγ bürtiγ, bïrug biruγ, balturgan balturγan, bor bor, bur bur, buraγu buraγu, burč burč, burčaγ burčaγ, borsï borsi, basarkan basarkan, bärtän berten, bular bular, čïgïr čigir, čäwür čevür, čäviri čeviri, darï dara, er er, ärdäm erdem, ärkilč erkelč, ärin erin, äriγ eriγ, gürän güren, ǰarpa ǰarpa, ǰarlïγ ǰarlïγ, ǰarat ǰarat, ǰärmäk ǰärmäk, yarta ǰarta, yartaγan ǰartaγan, ǰumur ǰumur, ǰïpar ǰïpar, ǰitür ǰitür, ǰuγur ǰuγur, ǰereγ ǰereγ, ǰürüγ ǰürüγ, χoŋar hangar, χїrγuy xirγuy, urok urok, ikir ikir, ïr ir, ïraγ iraγ, karlukan karlukan, karamuγ karamuγ, kar kar, karakan karakan, koram korām, karampil karampil, karoγ karoγ, karakotan karakotan, kargay karγay, kazar kazar, kändir kendir, käwir kēr, käwiräg kevereγ, kärtä kerte, kökärilč kükerilč, kökärčän kükerčen, komur komur, kapurčaγ kopurčaγ, kur kur, korγan korγan, kowrog kuroγ, kurum kurum, kevrič kewrič, kertweliγ kertβeli, munar munar, nögär nöger, urus urus, aruslan uruslān, určuγ určuγ, ogru uγru, orwučï urvoči, ökür ükür, ävir evir, ävirmän eü̯rmen, ärmäni ermeni, ürük ürük, öγir öγir, ävril evril, äγir eγir, šar šar, šarï šari, šarug šarug, šarakan šārkān, čarlaγ čarlaγ, šarmaγ šarmaγ, čaruγ čaruγ, čatur čatur, šipir šipir, šipiriγ šipiriγ, čöpräγ čöpreγ, šir šir, čärig čärig, širkä širke, širlig šerleg, širt širt, šire šere, šivrigey ševrege, čiräγ čireγ, sar sar, čaγrïn śārn, čer śer, čürüγ sürüγ, sïyrum siyrum, soŋkur sonkor, sawur sawur, sür sür, tar tar, tavar tavar, tarïlaγ tarlaγ, tart tart, tatar tatar, taturgan taturγan, täkir teker, täŋir teŋir, tävir tevir, tīr tīr, terem terem, turma turma, turo toro, turuntay turuntay, töγür tüγür, tȫr tȫr, türkü türkü, törütün törtün, törüγän türüγen, toraγ toraγ, toγrïl tuγrïl, tikär tiker, tör tür, urï uri, örgä ürge, örgä ürge, erim erim, iriγ iriγ, vertülük vertelük
a o	a	o	4	15, 63, 224, 299	opura oporo, baka bokå, χumakï humoki, kapurčaγ kopurčaγ
u u	u	u	84	16, 22, 34, 35, 37, 40, 54, 59, 60, 61, 68, 69, 70, 71, 74, 75, 76, 89, 90, 92, 94, 143, 176, 186, 187, 202, 204, 211, 212, 223, 224, 225, 243, 245, 254, 256, 292, 295, 298, 299, 300, 303, 326, 331, 333, 334, 336, 337, 339, 342, 343, 344, 345, 347, 369, 373, 374, 387, 393, 423, 428, 433, 438, 440, 442, 448, 464, 466, 467, 469, 472, 490, 491, 492	opuruγ opuruγ, aruk āruk, barum barum, barčun barčun, baγatur baγatur, bïkaγu bikaγu, bïrug biruγ, bogul bogul, bogut buγut, balturgan balturγan, bur bur, buraγu buraγu, burč burč, burčaγ burčaγ, busan busan, bosuγ bosuγ, butїγ butiγ, buγ buγ, bolčuγ bulčuγ, bular bular, buγδay buγzai, čunaγ čunaγ, kaγδu kaγzu, ǰapaγu ǰapγu, ǰaput ǰaput, ǰulkučï ǰilkuš, ǰumur ǰumur, ǰul ǰul, ǰuγur ǰuγur, χїrγuy xirγuy, χumakï humoki, urok urok, kolavuz kalauz, karlukan karlukan, karamuγ karamuγ, kapuγ kapuγ, koldu koldu, kumlaγ kumlaγ, komur komur, kapurčaγ kopurčaγ, kur kur, kurum kurum, kuwan kuwan, munar munar, učoγ učoγ, uk uk, aγul aγul, učaγ učaγ, undaγ undaγ, urus urus, aruslan uruslān, určuγ určuγ, ogru uγru, alčuk alčuk, šarug šarug, čaruγ čaruγ, čatur čatur, šiu šiu, čumluγ šumluγ, sïyrum siyrum, sawur sawur, siŋuk sinuk, taltučï taltuči, tanuγ tanu, topluγ topluγ, taturgan taturγan, tuγ tuγ, toku toku, toklu toklu, turma turma, turuntay turuntay, tiγuk tiγuk, uγu ugu, urï uri
k k	k	k	137	22, 25, 27, 39, 40, 49, 52, 53, 62, 63, 64, 73, 82, 96, 110, 117, 123, 124, 133, 134, 138, 139, 140, 141, 162, 168, 172, 176, 182, 193, 198, 202, 224, 225, 231, 243, 244, 245, 254, 255, 256, 257, 259, 260, 261, 263, 264, 265, 266, 267, 269, 270, 271, 272, 273, 275, 277, 278, 279, 280, 281, 282, 285, 287, 288, 289, 292, 295, 296, 298, 299, 300, 301, 302, 303, 304, 305, 306, 308, 309, 310, 311, 312, 315, 317, 318, 319, 320, 321, 323, 325, 326, 328, 329, 330, 334, 347, 348, 355, 370, 382, 385, 402, 403, 413, 427, 429, 433, 437, 450, 451, 452, 462, 466, 467, 474, 478, 481, 482, 485, 486, 490, 507, 511	aruk āruk, askï aski, balkan balkan, baka baka, bïkaγu bikaγu, bïčak bičak, bïka bika, biläčäk bileček, baka baka, baka bokå, baka båkå, basarkan basarkan, bögöläk bögölök, bik bik, čak čak, čanak čanak, čečäk čëček, čik čik, čolak čolak, čomak čomak, čükV čük, čök čük, čök čük, čikin čükün, äkäγ ekeγ, ärkilč erkelč, ičkü ičkü, kaγδu kaγzu, küsäγü küseγü, ǰekän ǰeken, ǰärmäk ǰärmäk, ǰulkučï ǰilkuš, χumakï humoki, urok urok, ikir ikir, kolavuz kalauz, kvaliz kaliz, karlukan karlukan, karamuγ karamuγ, kapkan kapkan, kapuγ kapuγ, kar kar, karakan karakan, koram korām, karampil karampil, karoγ karoγ, karakotan karakotan, kargay karγay, kataŋ katāng, kazar kazar, käčäkä kečeke, kȫk keyk, kälinčäγ kälinčäγ, kändir kendir, kenäšū kenešǖ, käpäγ kepeγ, käwir kēr, käwiräg kevereγ, kärtä kerte, küčäläγ küčeleγ, kēč kēč, kičin kičin, kičiγ kičiγ, kökärilč kükerilč, kökärčän kükerčen, kīn kīn, koldu koldu, kumlaγ kumlaγ, kamїčïn kåmičin, komur komur, kapurčaγ kopurčaγ, kur kur, korγan korγan, kowrog kuroγ, kurum kurum, koč koč, kasmaγ kasmaγ, kädmän kedmen, kökän köken, kölčen külčen, kindik kindik, köläk külek, keliγ keliγ, küńüγ küńüγ, köpčäγ köpčeγ, köpäk köpek, kepenek kepenek, küpüγ küpüγ, kevrič kewrič, kertweliγ kertβeli, küsän küsen, kuwan kuwan, külüläγ külleγ, köligäliγ köligeliγ, küväy küvey, uk uk, alčuk alčuk, ökür ükür, ürük ürük, šarakan šārkān, širkä širke, šïk šik, sakaγ sakaγ, sakal sakal, säkü sekü, soŋkur sonkor, sek sek, siŋuk sinuk, süzök süzök, täkir teker, täkänäγ tekeneγ, tilök telük, talkïγ talkiγ, toku toku, toklu toklu, tükä tüke, türkü türkü, tezäk tözek, tokol tukol, togδak toγzak, tikär tiker, tiγuk tiγuk, väkü vekü, vertülük vertelük
s s	s	s	45	25, 36, 44, 72, 73, 74, 75, 93, 154, 173, 182, 192, 220, 238, 305, 325, 342, 343, 399, 401, 402, 403, 404, 405, 406, 409, 410, 412, 413, 416, 417, 418, 421, 422, 423, 426, 427, 428, 429, 433, 435, 436, 437, 501	askï aski, bas bas, Bärsil bersil, borsï borsi, basarkan basarkan, busan busan, bosuγ bosuγ, būs būs, ǰȧsnaγ ǰisnaγ, es es, küsäγü küseγü, ǰas ǰas, ǰüγsüγ ǰüγsüγ, ïsï isi, kasmaγ kasmaγ, küsän küsen, urus urus, aruslan uruslān, siγ siγ, sagïm sagum, sakaγ sakaγ, sakal sakal, sāl sal, sām sam, saγïn saγin, sapaγ sapaγ, sar sar, satïγčï satiγči, säkü sekü, sön sön, sip sip, säpliγ sepleγ, sis sis, sin sin, sïyrum siyrum, sav saw, soŋkur sonkor, sawur sawur, sek sek, siŋuk sinuk, sön sön, sür sür, süzök süzök, isig isüg
b b	b	b	59	26, 27, 28, 29, 31, 34, 35, 36, 37, 38, 39, 40, 42, 43, 44, 45, 46, 47, 48, 49, 52, 53, 54, 55, 56, 58, 59, 60, 61, 62, 63, 64, 65, 66, 68, 69, 70, 71, 72, 73, 74, 75, 76, 81, 82, 83, 84, 85, 86, 87, 89, 90, 92, 93, 94, 96, 97, 98, 99	bay bay, balkan balkan, balta balta, balvan balvan, bagïn baγin, barum barum, barčun barčun, bas bas, baγatur baγatur, bičil bečel, baka baka, bïkaγu bikaγu, bäläg beleg, berü bērü, Bärsil bersil, bürtiγ bürtiγ, bäšä beše, bäčänäg bešeneγ, bitig bitiγ, bïčak bičak, bïka bika, biläčäk bileček, bïrug biruγ, bolčan bolčan, bolčat bulčat, bog bog, bogul bogul, bogut buγut, balturgan balturγan, baka baka, baka bokå, baka båkå, boγul boγol, bor bor, bur bur, buraγu buraγu, burč burč, burčaγ burčaγ, borsï borsi, basarkan basarkan, busan busan, bosuγ bosuγ, butїγ butiγ, bäγ beγ, bögöläk bögölök, büγtä büγte, büγüči büγüči, belčiγ belčeγ, bülän belen, bärtän berten, buγ buγ, bolčuγ bulčuγ, bular bular, būs būs, buγδay buγzai, bik bik, bǖn bǖn, bütüγ bütüγ, büγü büγü
v v	v	v	18	29, 145, 234, 330, 352, 357, 390, 395, 444, 457, 461, 503, 504, 505, 506, 507, 509, 511	balvan balvan, čäviri čeviri, vïm vim, küväy küvey, ävir evir, ävril evril, čavlï čavli, šivrigey ševrege, tavar tavar, tävir tevir, teve teve, öväč öveč, vay vay, valaγ valaγ, väyśäγ veyseγ, väkü vekü, vändäg vendeg, vertülük vertelük
ɡ ɣ	ɡ	ɣ	14	31, 47, 48, 54, 60, 61, 213, 215, 265, 278, 302, 345, 448, 485	bagïn baγin, bäčänäg bešeneγ, bitig bitiγ, bïrug biruγ, bogut buγut, balturgan balturγan, ǰigil ǰiγil, ǰägilä ǰeγile, kargay karγay, käwiräg kevereγ, kowrog kuroγ, ogru uγru, taturgan taturγan, togδak toγzak
i ɛ	i	ɛ	16	38, 85, 168, 194, 278, 375, 383, 394, 395, 396, 418, 450, 452	bičil bečel, belčiγ belčeγ, ärkilč erkelč, ǰeŋi ǰenge, käwiräg kevereγ, šip šeb, širlig šerleg, šire šere, šivrigey ševrege, šilliγ šilleγ, säpliγ sepleγ, täkir teker, tilök telük
ɛ ɛ	ɛ	ɛ	146	42, 44, 46, 47, 53, 81, 83, 85, 86, 87, 100, 123, 142, 144, 145, 162, 163, 165, 166, 167, 168, 169, 170, 173, 174, 177, 179, 182, 193, 194, 196, 197, 198, 210, 215, 216, 217, 218, 226, 227, 228, 229, 235, 269, 271, 272, 273, 275, 278, 279, 280, 287, 288, 306, 308, 309, 311, 312, 317, 318, 319, 321, 323, 325, 328, 329, 330, 332, 350, 352, 353, 354, 357, 358, 364, 378, 381, 382, 394, 395, 398, 413, 418, 419, 429, 431, 450, 451, 454, 455, 456, 457, 460, 461, 474, 475, 480, 481, 486, 493, 495, 496, 497, 498, 503, 506, 507, 509, 511	bäläg beleg, Bärsil bersil, bäšä beše, bäčänäg bešeneγ, biläčäk bileček, bäγ beγ, büγtä büγte, belčiγ belčeγ, bülän belen, bärtän berten, čiglä čigle, čečäk čëček, čäwiš čäüš, čäwür čevür, čäviri čeviri, äkäγ ekeγ, äŋ eng, inäγ ineγ, er er, ärdäm erdem, ärkilč erkelč, ärin erin, äriγ eriγ, es es, ätil etil, güdän güden, gürän güren, küsäγü küseγü, ǰekän ǰeken, ǰeŋi ǰenge, ǰäpiγ ǰepiγ, ǰäpi ǰepi, ǰärmäk ǰärmäk, ǰäγüz ǰeγüz, ǰägilä ǰeγile, ǰemilč ǰemilč, ǰemilčen ǰemilčen, ǰereγ ǰereγ, üdäγ üdeγ, ügä üge, egän egen, äyi äyi, öŋmäk ümmeg, käčäkä kečeke, kälinčäγ kälinčäγ, kändir kendir, kenäšū kenešǖ, käpäγ kepeγ, käwiräg kevereγ, kärtä kerte, küčäläγ küčeleγ, kökärilč kükerilč, kökärčän kükerčen, kädmän kedmen, kökän köken, kölčen külčen, köläk külek, keliγ keliγ, köpčäγ köpčeγ, köpäk köpek, kepenek kepenek, kevrič kewrič, kertweliγ kertβeli, küsän küsen, külüläγ külleγ, köligäliγ köligeliγ, küväy küvey, nögär nöger, eliγ eliγ, ävir evir, ävirmän eü̯rmen, ärmäni ermeni, ävril evril, äγir eγir, özän üzen, čöpräγ čöpreγ, čärig čärig, širkä širke, šire šere, šivrigey ševrege, čiräγ čireγ, säkü sekü, säpliγ sepleγ, čer śer, sek sek, čeleγ śeleγ, täkir teker, täkänäγ tekeneγ, täŋ teng, teŋäl tengel, täŋir teŋir, tävir tevir, terem terem, teve teve, tükä tüke, tümän tümen, törüγän türüγen, tezäk tözek, tikär tiker, edü edü, inäγ ineγ, örgä ürge, örgä ürge, erim erim, öväč öveč, väyśäγ veyseγ, väkü vekü, vändäg vendeg, vertülük vertelük
ɛ eː	ɛ	eː	2	43, 277	berü bērü, käwir kēr
y y	y	y	54	43, 45, 83, 84, 98, 99, 125, 138, 144, 156, 172, 177, 179, 182, 208, 209, 210, 219, 220, 226, 227, 280, 315, 320, 325, 328, 330, 348, 355, 397, 413, 420, 436, 437, 474, 475, 476, 478, 479, 480, 493, 507, 511	berü bērü, bürtiγ bürtiγ, büγtä büγte, büγüči büγüči, bütüγ bütüγ, büγü büγü, čöpüγ čöpüγ, čükV čük, čäwür čevür, dül dül, ičkü ičkü, güdän güden, gürän güren, küsäγü küseγü, ǰinǰü ǰinǰü, ǰitür ǰitür, ǰäγüz ǰeγüz, ǰürüγ ǰürüγ, ǰüγsüγ ǰüγsüγ, üdäγ üdeγ, ügä üge, küčäläγ küčeleγ, küńüγ küńüγ, küpüγ küpüγ, küsän küsen, külüläγ külleγ, küväy küvey, ökür ükür, ürük ürük, šiγül šiγül, säkü sekü, čürüγ sürüγ, sür sür, süzök süzök, tükä tüke, tümän tümen, töγür tüγür, türkü türkü, törütün törtün, törüγän türüγen, edü edü, väkü vekü, vertülük vertelük
i i	i	i	86	44, 45, 48, 53, 84, 96, 100, 124, 145, 150, 151, 165, 169, 170, 172, 174, 195, 196, 197, 208, 209, 213, 215, 216, 217, 229, 231, 233, 244, 261, 271, 272, 282, 285, 287, 310, 312, 321, 323, 329, 349, 350, 352, 354, 356, 357, 358, 376, 377, 380, 381, 382, 384, 387, 388, 396, 397, 398, 399, 417, 421, 422, 433, 434, 456, 457, 486, 490, 495, 498, 500, 501	Bärsil bersil, bürtiγ bürtiγ, bitig bitiγ, biläčäk bileček, büγüči büγüči, bik bik, čiglä čigle, čik čik, čäviri čeviri, tüli töli, düli döli, inäγ ineγ, ärin erin, äriγ eriγ, ičkü ičkü, ätil etil, ǰipliγ ǰipliγ, ǰäpiγ ǰepiγ, ǰäpi ǰepi, ǰinǰü ǰinǰü, ǰitür ǰitür, ǰigil ǰiγil, ǰägilä ǰeγile, ǰemilč ǰemilč, ǰemilčen ǰemilčen, äyi äyi, ikir ikir, il il, kvaliz kaliz, karampil karampil, kälinčäγ kälinčäγ, kändir kendir, kičin kičin, kičiγ kičiγ, kökärilč kükerilč, kindik kindik, keliγ keliγ, kevrič kewrič, kertweliγ kertβeli, köligäliγ köligeliγ, ilt ilt, eliγ eliγ, ävir evir, ärmäni ermeni, öγir öγir, ävril evril, äγir eγir, šipir šipir, šipiriγ šipiriγ, šir šir, čärig čärig, širkä širke, širt širt, šiu šiu, šiw šiu, šilliγ šilleγ, šiγül šiγül, čiräγ čireγ, siγ siγ, sip sip, sis sis, sin sin, siŋuk sinuk, čiγči śiγči, täŋir teŋir, tävir tevir, tikär tiker, tiγuk tiγuk, inäγ ineγ, erim erim, iriγ iriγ, isig isüg
ʃ ʃ	ʃ	ʃ	23	46, 142, 273, 367, 368, 369, 370, 372, 375, 376, 377, 380, 382, 383, 384, 385, 386, 387, 388, 394, 395, 396, 397	bäšä beše, čäwiš čäüš, kenäšū kenešǖ, šar šar, šarï šari, šarug šarug, šarakan šārkān, šarmaγ šarmaγ, šip šeb, šipir šipir, šipiriγ šipiriγ, šir šir, širkä širke, širlig šerleg, širt širt, šïk šik, šïma šima, šiu šiu, šiw šiu, šire šere, šivrigey ševrege, šilliγ šilleγ, šiγül šiγül
t͡ʃ ʃ	t͡ʃ	ʃ	3	47, 202, 393	bäčänäg bešeneγ, ǰulkučï ǰilkuš, čumluγ šumluγ
o u	o	u	8	56, 60, 90, 302, 345, 346, 482, 484	bolčat bulčat, bogut buγut, bolčuγ bulčuγ, kowrog kuroγ, ogru uγru, orwučï urvoči, tokol tukol, toγrïl tuγrïl
a ɒ	a	ɒ	4	63, 64, 296	baka bokå, baka båkå, kamїčïn kåmičin
ø ø	ø	ø	15	82, 125, 308, 317, 318, 329, 332, 356, 378, 416, 435, 437, 479, 503	bögöläk bögölök, čöpüγ čöpüγ, kökän köken, köpčäγ köpčeγ, köpäk köpek, köligäliγ köligeliγ, nögär nöger, öγir öγir, čöpräγ čöpreγ, sön sön, sön sön, süzök süzök, törütün törtün, öväč öveč
ɛ ø	ɛ	ø	2	82, 481	bögöläk bögölök, tezäk tözek
y ɛ	y	ɛ	2	86, 511	bülän belen, vertülük vertelük
uː uː	uː	uː	2	93, 205	būs būs, ǰūn ǰūn
ð z	ð	z	3	94, 176, 485	buγδay buγzai, kaγδu kaγzu, togδak toγzak
j i	j	i	1	94	buγδay buγzai
yː yː	yː	yː	1	97	bǖn bǖn
kː k	kː	k	1	111	čakkan čakan
ɣ -	ɣ	-	4	112, 323, 411, 440	čalïγan čalān, kertweliγ kertβeli, čaγrïn śārn, tanuγ tanu
V i	V	i	1	115	čaltï čalit
ɛ e	ɛ	e	2	123, 159	čečäk čëček, edü ëdʹ
ɯ ɯ	ɯ	ɯ	5	129, 157, 190, 207, 484	čïga čïga, dïg dïg, ǰarlïγ ǰarlïγ, ǰïpar ǰïpar, toγrïl tuγrïl
ə -	ə	-	1	138	čükV čük
ø y	ø	y	15	139, 140, 235, 287, 288, 309, 311, 348, 364, 452, 476, 480, 488, 496, 497	čök čük, čök čük, öŋmäk ümmeg, kökärilč kükerilč, kökärčän kükerčen, kölčen külčen, köläk külek, ökür ükür, özän üzen, tilök telük, töγür tüγür, törüγän türüγen, tör tür, örgä ürge, örgä ürge
i y	i	y	4	141, 142, 501	čikin čükün, čäwiš čäüš, isig isüg
w -	w	-	3	142, 277, 302	čäwiš čäüš, käwir kēr, kowrog kuroγ
w v	w	v	3	144, 278, 346	čäwür čevür, käwiräg kevereγ, orwučï urvoči
y ø	y	ø	2	150, 151	tüli töli, düli döli
d͡ʒʲ d͡ʒʲ	d͡ʒʲ	d͡ʒʲ	35	153, 154, 183, 184, 185, 186, 187, 188, 190, 191, 192, 193, 194, 195, 196, 197, 198, 202, 203, 204, 205, 207, 208, 209, 210, 211, 212, 213, 215, 216, 217, 218, 219, 220	ǰȧγaγ ǰiγaγ, ǰȧsnaγ ǰisnaγ, ǰala ǰala, ǰalïm ǰalum, ǰonaγ ǰonaγ, ǰapaγu ǰapγu, ǰaput ǰaput, ǰarpa ǰarpa, ǰarlïγ ǰarlïγ, ǰarat ǰarat, ǰas ǰas, ǰekän ǰeken, ǰeŋi ǰenge, ǰipliγ ǰipliγ, ǰäpiγ ǰepiγ, ǰäpi ǰepi, ǰärmäk ǰärmäk, ǰulkučï ǰilkuš, ǰom ǰom, ǰumur ǰumur, ǰūn ǰūn, ǰïpar ǰïpar, ǰinǰü ǰinǰü, ǰitür ǰitür, ǰäγüz ǰeγüz, ǰul ǰul, ǰuγur ǰuγur, ǰigil ǰiγil, ǰägilä ǰeγile, ǰemilč ǰemilč, ǰemilčen ǰemilčen, ǰereγ ǰereγ, ǰürüγ ǰürüγ, ǰüγsüγ ǰüγsüγ
ɐ i	ɐ	i	2	153, 154	ǰȧγaγ ǰiγaγ, ǰȧsnaγ ǰisnaγ
d ɟ	d	ɟ	1	159	edü ëdʹ
y -	y	-	3	159, 328, 479	edü ëdʹ, külüläγ külleγ, törütün törtün
ŋ ŋ	ŋ	ŋ	8	163, 194, 222, 266, 427, 454, 455, 456	äŋ eng, ǰeŋi ǰenge, χoŋar hangar, kataŋ katāng, soŋkur sonkor, täŋ teng, teŋäl tengel, täŋir teŋir
ɯ u	ɯ	u	2	184, 401	ǰalïm ǰalum, sagïm sagum
a -	a	-	2	186, 370	ǰapaγu ǰapγu, šarakan šārkān
j d͡ʒʲ	j	d͡ʒʲ	2	200, 201	yarta ǰarta, yartaγan ǰartaγan
u i	u	i	1	202	ǰulkučï ǰilkuš
z z	z	z	7	210, 243, 244, 267, 364, 437, 481	ǰäγüz ǰeγüz, kolavuz kalauz, kvaliz kaliz, kazar kazar, özän üzen, süzök süzök, tezäk tözek
χ h	χ	h	3	221, 222, 224	χayїγ hayiγ, χoŋar hangar, χumakï humoki
o a	o	a	2	222, 243	χoŋar hangar, kolavuz kalauz
χ x	χ	x	1	223	χїrγuy xirγuy
ŋ -	ŋ	-	1	235	öŋmäk ümmeg
m mː	m	mː	1	235	öŋmäk ümmeg
k ɡ	k	ɡ	1	235	öŋmäk ümmeg
v -	v	-	2	243, 244	kolavuz kalauz, kvaliz kaliz
øː ɛ	øː	ɛ	1	270	kȫk keyk
V j	V	j	1	270	kȫk keyk
uː yː	uː	yː	1	273	kenäšū kenešǖ
i -	i	-	2	277, 353	käwir kēr, ävirmän eü̯rmen
eː eː	eː	eː	2	281, 414	kēč kēč, śēl sēl
iː iː	iː	iː	2	289, 459	kīn kīn, tīr tīr
ɲ ɲ	ɲ	ɲ	1	315	küńüγ küńüγ
v w	v	w	3	321, 353, 426	kevrič kewrič, ävirmän eü̯rmen, sav saw
w β	w	β	1	323	kertweliγ kertβeli
w w	w	w	2	326, 428	kuwan kuwan, sawur sawur
l -	l	-	1	328	külüläγ külleγ
l lː	l	lː	1	328	külüläγ külleγ
a u	a	u	1	343	aruslan uruslān
yː y	yː	y	1	351	ǖn ün
p b	p	b	1	375	šip šeb
w u	w	u	1	388	šiw šiu
j -	j	-	1	395	šivrigey ševrege
lː lː	lː	lː	1	396	šilliγ šilleγ
aː a	aː	a	2	404, 405	sāl sal, sām sam
t͡ʃ sʲ	t͡ʃ	sʲ	4	411, 419, 431, 434	čaγrïn śārn, čer śer, čeleγ śeleγ, čiγči śiγči
sʲ s	sʲ	s	2	414, 506	śēl sēl, väyśäγ veyseγ
t͡ʃ s	t͡ʃ	s	1	420	čürüγ sürüγ
ŋ n	ŋ	n	1	433	siŋuk sinuk
aː aː	aː	aː	1	473	tāt tāt
øː øː	øː	øː	1	477	tȫr tȫr
ɣ ɡ	ɣ	ɡ	1	491	uγu ugu
