Target_Form,Source_Form,Cognacy,guesses,best_guess
aɣat͡ʃi,aːt͡ʃ,1,inf,aːnɒt͡ʃ
aldaɣ,aːɟuː,2,inf,aːldɒ
ajan,ɒjnaːroz,3,inf,aːjɒɲ
aːl,aːl,6,1.0,aːl
alat͡ʃ,ɒlɒt͡ʃ,7,5.0,ɒlɒt͡ʃ
alat͡ʃ,ɒlɒt͡ʃ,8,5.0,ɒlɒt͡ʃ
alat͡ʃ,ɒlɒt͡ʃ,9,5.0,ɒlɒt͡ʃ
alat͡ʃ,ɒlɒt͡ʃ,10,5.0,ɒlɒt͡ʃ
alma,ɒlmɒ,11,4.0,ɒlmɒ
altalaɡ,aːltɒlɒɡ,12,1.0,aːltɒlɒɡ
altalaɡ,aːtɒlɒɡ,13,inf,aːltɒlɒɡ
op,aːpol,14,31.0,aːpol
oporo,aːporodik,15,inf,ɒporoː
opuruɣ,ɒproː,16,inf,aːporo
orat,ɒrɒt,17,5.0,ɒrɒt
orat,ɒrɒt,18,5.0,ɒrɒt
aːr,aːrik,19,2.0,aːrik
aːrtat,aːrt,20,inf,aːrtɒt
arkan,aːrkaːɲ,21,9.0,aːrkaːɲ
aːruk,aːrok,22,1.0,aːrok
arpa,aːrpɒ,23,inf,aːrɒ
aritan,aːrtaːɲ,24,inf,aːritɒɲ
aski,aːsok,25,inf,sk not old
baj,baːj,26,3.0,baːj
balkan,bɒlkaːɲ,27,7.0,bɒlkaːɲ
balta,bɒltɒ,28,1.0,bɒltɒ
balvan,baːlvaːɲ,29,inf,lv not old
baɣin,baːn,31,inf,bɒniɲ
baraɡ,bɒraːɡ,32,4.0,bɒraːɡ
baːsa,baːrt͡sɒ,33,inf,baːsɒ
barum,bɒrom,34,1.0,bɒrom
bart͡ʃun,baːrʃoɲ,35,29.0,baːrʃoɲ
bas,bɒsik,36,2.0,bɒsik
baɣatur,baːtor,37,inf,bɒnɒtor
bɛt͡ʃɛl,bet͡ʃyl,38,inf,bɛt͡ʃɛl
baka,beːkɒ,39,inf,bɒkɒ
bikaɣu,beːkoː,40,inf,bikɒnu
bikaɣu,beːkjoː,41,inf,bikɒnu
bɛlɛɡ,beːjɛɡ,42,16.0,beːjɛɡ
beːry,beːr,43,1.0,beːr
bɛrsil,bɛrt͡sɛl,44,inf,bɛrzil
byrtiɣ,bɛrtyː,45,90.0,bɛrtyː
bɛʃɛ,bɛʃɛ,46,1.0,bɛʃɛ
bɛʃɛnɛɣ,bɛʃɛɲøː,47,8.0,bɛʃɛɲøː
bitiɣ,bɛtyː,48,14.0,bɛtyː
bit͡ʃak,bit͡ʃɒk,49,1.0,bit͡ʃɒk
bit͡ʃak,bit͡ʃɒk,50,1.0,bit͡ʃɒk
bit͡ʃak,bit͡ʃɒk,51,1.0,bit͡ʃɒk
bika,bikɒ,52,1.0,bikɒ
bilɛt͡ʃɛk,bilint͡ʃ,53,inf,bilɛt͡ʃɛk
biruɣ,biːroː,54,27.0,biːroː
bolt͡ʃan,bot͡ʃaːnik,55,137.0,bot͡ʃaːnik
bult͡ʃat,bot͡ʃaːt,56,6.0,bot͡ʃaːt
baldav,boːdɒ,57,inf,bɒldɒ
boɡ,boɡ,58,1.0,boɡ
boɡul,boɡjɒ,59,inf,boɡol
buɣut,bojt,60,inf,bonot
balturɣan,bojtorjaːn,61,inf,bɒtorjɒɲ
baka,bokɒ,62,49.0,bokɒ
bokɒ,bɒkɒnt͡ʃ,63,121.0,bɒkɒnt͡ʃ
bɒkɒ,bɒkɒnt͡ʃ,64,41.0,bɒkɒnt͡ʃ
boɣol,boj,65,inf,bonol
bor,bor,66,1.0,bor
bor,boriːt,67,inf,bor
bur,bur,68,3.0,bur
buraɣu,borjuː,69,inf,borɒnu
burt͡ʃ,borʃ,70,inf,rt͡ʃ# not old
burt͡ʃaɣ,borʃoː,71,3.0,borʃoː
borsi,borz,72,inf,bort͡s
basarkan,bosorkaːɲ,73,inf,bɒsɒrkɒɲ
busan,bosːɒn,74,6.0,bosːɒn
bosuɣ,bosːuː,75,14.0,bosːuː
butiɣ,bot,76,inf,boti
butiɣ,bot,77,inf,boti
butiɣ,but,78,inf,boti
butiɣ,but,79,inf,boti
boza,bozɒ,80,1.0,bozɒ
bɛɣ,bøː,81,inf,bɛik
bøɡøløk,bøɡøj,82,inf,bøɡøløk
byɣtɛ,bøjt,83,inf,ɣt not old
byɣyt͡ʃi,bølt͡ʃ,84,inf,bønøt͡ʃ
bɛlt͡ʃɛɣ,bølt͡ʃøː,85,33.0,bølt͡ʃøː
bɛlɛn,bøleːɲ,86,51.0,bøleːɲ
bɛrtɛn,børtøn,87,56.0,børtøn
buɣ,buːʃ,89,31.0,buːʃ
bult͡ʃuɣ,buːt͡ʃuː,90,44.0,buːt͡ʃuː
buɡa,buɡɒ,91,13.0,buɡɒ
bular,bulɒr,92,9.0,bulɒr
buːs,buːs,93,inf,boːs
buɣzai,buːzɒ,94,inf,ai# not old
buzɡan,buzoɡaːɲ,95,inf,zɡ not old
bik,bykː,96,inf,bik
byːn,byːn,97,3.0,byːn
bytyɣ,byty,98,21.0,byty
byɣy,byːvøʃ,99,inf,bøn
t͡ʃiɡlɛ,t͡siɡlɛ,100,inf,t͡ʃiɡɛ
t͡ʃiklɛ,t͡ʃiɡlɛ,101,inf,t͡ʃiklɛ
t͡ʃiklɛ,t͡ʃeklɛ,102,inf,t͡ʃikjɛ
t͡ʃiklɛ,t͡ʃɛkjɛ,103,16.0,t͡ʃɛkjɛ
t͡ʃiklɛ,t͡ʃiklɛ,104,7.0,t͡ʃiklɛ
t͡ʃiɡla,t͡ʃiɡojɒ,105,inf,t͡ʃiɡlɒ
t͡ʃiɡla,t͡ʃiɡlɒ,106,1.0,t͡ʃiɡlɒ
sytkɛn,t͡søtkeːɲ,107,inf,tk not old
sytːɛɡɛn,t͡søtkeːɲ,108,inf,tː not old
t͡ʃabak,t͡ʃɒbɒk,109,1.0,t͡ʃɒbɒk
t͡ʃak,t͡ʃɒk,110,1.0,t͡ʃɒk
t͡ʃakan,t͡ʃaːkaːɲ,111,65.0,t͡ʃaːkaːɲ
t͡ʃalaːn,t͡ʃɒlaːn,112,2.0,t͡ʃɒlaːn
t͡ʃilaːn,t͡ʃɒlaːn,113,inf,t͡ʃilaːɲ
t͡ʃalaɣan,t͡ʃɒlaːn,114,inf,t͡ʃɒlɒnɒɲ
t͡ʃalit,t͡ʃɒlit,115,1.0,t͡ʃɒlit
t͡ʃalit,t͡ʃɒlit,116,1.0,t͡ʃɒlit
t͡ʃanak,t͡ʃɒnɒk,117,1.0,t͡ʃɒnɒk
t͡ʃata,t͡ʃɒtɒ,118,1.0,t͡ʃɒtɒ
t͡ʃata,t͡ʃɒtɒ,119,1.0,t͡ʃɒtɒ
t͡ʃat,t͡ʃɒtol,120,12.0,t͡ʃɒtol
t͡ʃati,t͡ʃɒt,121,1.0,t͡ʃɒt
t͡ʃet͡ʃ,t͡ʃeːt͡ʃ,122,1.0,t͡ʃeːt͡ʃ
t͡ʃet͡ʃɛk,t͡ʃeːt͡ʃ,123,inf,t͡ʃeːt͡ʃɛk
t͡ʃik,t͡ʃɛkeːl,124,inf,t͡ʃik
t͡ʃøpyɣ,t͡ʃɛpyː,125,12.0,t͡ʃɛpyː
t͡ʃøpyɣ,t͡ʃɛpyː,126,12.0,t͡ʃɛpyː
t͡ʃøpyɣ,t͡ʃɛpyː,127,12.0,t͡ʃɛpyː
t͡ʃøpyɣ,t͡ʃɛpyː,128,12.0,t͡ʃɛpyː
t͡ʃɯɡa,t͡ʃiɡɒ,129,inf,t͡ʃuɡɒ
t͡ʃiɡir,t͡ʃiɡɛr,130,2.0,t͡ʃiɡɛr
t͡ʃiɡir,t͡ʃiɡɛr,131,2.0,t͡ʃiɡɛr
t͡ʃapaɣ,t͡ʃipɒ,132,25.0,t͡ʃipɒ
t͡ʃolak,t͡ʃolaːk,133,7.0,t͡ʃolaːk
t͡ʃomak,t͡ʃomɒk,134,1.0,t͡ʃomɒk
t͡ʃɛwdyr,t͡ʃøːdør,135,22.0,t͡ʃøːdør
t͡ʃɛwdyr,t͡ʃøːdør,136,22.0,t͡ʃøːdør
t͡ʃɛwdyr,t͡ʃøːdør,137,22.0,t͡ʃøːdør
t͡ʃyk,t͡ʃøk,138,1.0,t͡ʃøk
t͡ʃyk,t͡ʃøk,139,1.0,t͡ʃøk
t͡ʃyk,t͡ʃøkik,140,2.0,t͡ʃøkik
t͡ʃykyn,t͡ʃøkøɲøʃ,141,inf,t͡ʃøkøɲ
t͡ʃɛyʃ,t͡ʃøːs,142,inf,ɛy not old
t͡ʃunaɣ,t͡ʃuːɲɒ,143,15.0,t͡ʃuːɲɒ
t͡ʃɛvyr,t͡ʃyːr,144,inf,t͡ʃɛrør
t͡ʃɛviri,t͡ʃyːr,145,inf,t͡ʃɛrir
d͡ʒʲakʃi,dɒkʃi,146,inf,kʃ not old
daku,dɒku,147,2.0,dɒku
dara,dɒrɒ,148,1.0,dɒrɒ
dara,dɒrɒ,149,1.0,dɒrɒ
tøli,deːl,150,inf,tøl
døli,deːl,151,7.0,deːl
d͡ʒʲiɣaɣ,dioː,152,inf,ɟinɒ
d͡ʒʲiɣaɣ,dioː,153,inf,ɟinɒ
d͡ʒʲisnaɣ,disnoː,154,inf,sn not old
dyl,døːl,155,97.0,døːl
dyl,døːl,156,97.0,døːl
dɯɡ,duɡ,157,1.0,duɡ
dɯɡ,duɡ,158,1.0,duɡ
eɟ,eɟhaːz,159,11.0,eɟhaːz
eɟ,eɟhaːz,160,11.0,eɟhaːz
ɛkɛɣ,ɛkɛ,162,1.0,ɛkɛ
ɛnɡ,ɛnɡɛd,163,inf,ɛnɡ
ɛnɡ,ɛnɡɛstɛl,164,inf,ɛnɡ
inɛɣ,ɛnøː,165,24.0,ɛnøː
ɛr,eːr,166,91.0,eːr
ɛrdɛm,eːrdɛm,167,inf,rd not old
ɛrkɛlt͡ʃ,ɛrkølt͡ʃ,168,inf,ɛrkɛt͡ʃ
ɛrin,ɛrɲɛd,169,inf,ɛriɲ
ɛriɣ,ɛrøː,170,10.0,ɛrøː
it͡ʃy,ɛʃ,171,28.0,ɛʃ
it͡ʃky,ɛʃky,172,inf,t͡ʃk not old
ɛs,eːs,173,41.0,eːs
ɛtil,ɛtɛl,174,2.0,ɛtɛl
ɛtil,ɛtil,175,1.0,ɛtil
kaɣzu,ɡɒz,176,38.0,ɡɒz
ɡydɛn,ɡødeːɲ,177,3.0,ɡødeːɲ
ɡydɛn,ɡødeːɲ,178,3.0,ɡødeːɲ
ɡyrɛn,ɡøreːɲ,179,3.0,ɡøreːɲ
ɡyrɛn,ɡøreːɲ,180,3.0,ɡøreːɲ
kydɛɣy,ɡyɟyː,181,inf,kødɛn
kysɛɣy,ɡyzy,182,inf,køsɛn
d͡ʒʲala,ɟɒlaːz,183,inf,ɟɒlɒ
d͡ʒʲalum,ɟɒlom,184,1.0,ɟɒlom
d͡ʒʲonaɣ,ɟɒnuː,185,19.0,ɟɒnuː
d͡ʒʲapɣu,ɟɒpjuː,186,inf,pɣ not old
d͡ʒʲaput,ɟɒpot,187,1.0,ɟɒpot
d͡ʒʲarpa,ɟɒrɒpodik,188,inf,ɟɒrpɒ
d͡ʒʲarpa,ɟɒrɒpsik,189,inf,ɟɒrpɒ
d͡ʒʲarlɯɣ,ɟɒrloː,190,inf,ɟɒrlu
d͡ʒʲarat,ɟaːrt,191,inf,ɟɒrɒt
d͡ʒʲas,ɟaːs,192,2.0,ɟaːs
d͡ʒʲɛkɛn,ɟeːkeːɲ,193,25.0,ɟeːkeːɲ
d͡ʒʲɛnɡɛ,ɟenɡɛ,194,40.0,ɟenɡɛ
d͡ʒʲipliɣ,ɟɛpløː,195,47.0,ɟɛpløː
d͡ʒʲɛpiɣ,ɟɛpyː,196,6.0,ɟɛpyː
d͡ʒʲɛpi,ɟɛp,197,1.0,ɟɛp
d͡ʒʲɛrmɛk,ɟɛrmɛk,198,1.0,ɟɛrmɛk
d͡ʒʲɛrmɛk,ɟɛrmɛk,199,1.0,ɟɛrmɛk
d͡ʒʲarta,ɟɛrcɒ,200,53.0,ɟɛrcɒ
d͡ʒʲartaɣan,ɟɛrcaːn,201,inf,ɟɒrtɒnɒɲ
d͡ʒʲilkuʃ,ɟilkoʃ,202,inf,ɟilkos
d͡ʒʲom,ɟom,203,1.0,ɟom
d͡ʒʲumur,ɟomor,204,1.0,ɟomor
d͡ʒʲuːn,ɟoːn,205,inf,ɟuːɲ
d͡ʒʲuvun,ɟovon,206,5.0,ɟovon
d͡ʒʲɯpar,ɟopaːr,207,inf,ɟupɒr
d͡ʒʲind͡ʒʲy,ɟønɟ,208,inf,nd͡ʒʲ not old
d͡ʒʲityr,ɟøtør,209,6.0,ɟøtør
d͡ʒʲɛɣyz,ɟøːz,210,inf,ɟɛnøz
d͡ʒʲul,ɟuːl,211,16.0,ɟuːl
d͡ʒʲuɣur,ɟuːr,212,inf,ɟonor
d͡ʒʲiɣil,ɟyːl,213,inf,ɟinil
ɟyːl,ɟyːjt,214,inf,#ɟ not old
d͡ʒʲɛɣilɛ,ɟyːløl,215,inf,ɟɛnilɛ
d͡ʒʲɛmilt͡ʃ,ɟymølt͡ʃ,216,282.0,ɟymølt͡ʃ
d͡ʒʲɛmilt͡ʃɛn,ɟymølt͡ʃeːɲ,217,inf,ɟɛmit͡ʃɛɲ
d͡ʒʲɛrɛɣ,ɟyːryː,218,33.0,ɟyːryː
d͡ʒʲyryɣ,ɟyːryː,219,4.0,ɟyːryː
d͡ʒʲyɣsyɣ,ɟyːsyː,220,inf,ɣs not old
hajiɣ,hɒjoː,221,9.0,hɒjoː
hanɡar,hɒrɒnɡ,222,inf,hɒnɡɒr
ksirɣuj,hɛrjoː,223,inf,#ks not old
humoki,homok,224,1.0,homok
urok,hurok,225,inf,orok
ydɛɣ,idøː,226,39.0,idøː
yɡɛ,iɡɛ,227,7.0,iɡɛ
ɛɡɛn,iɡɛn,228,92.0,iɡɛn
ɛji,ijɛd,229,752.0,ijɛd
ɛji,ijɛst,230,inf,ɛj
ikir,ikɛr,231,6.0,ikɛr
ildam,ildom,232,55.0,ildom
il,ilːik,233,26.0,ilːik
vim,imaːd,234,inf,vim
ymːɛɡ,inɡ,235,inf,mː not old
ir,iːr,236,7.0,iːr
iraɣ,iːroː,237,84.0,iːroː
isi,izːik,238,inf,ys
kalauz,kɒlɒuz,242,inf,kɒloːz
kalauz,kɒloːz,243,inf,kɒlɒuz
kaliz,kaːliz,244,111.0,kaːliz
karlukan,kɒlokaːɲ,245,97.0,kɒlokaːɲ
karlukan,kolokaːɲ,246,1729.0,kolokaːɲ
karlukan,kɒrlokaːɲ,247,7.0,kɒrlokaːɲ
kɒnɟikɒ,kɒnɟiːk,251,14.0,kɒnɟiːk
kɒnɟikɒ,kɒnɟiːk,252,14.0,kɒnɟiːk
karamuɣ,kɒɲɒroː,254,inf,kɒrɒmo
kapkan,kɒptaːɲ,255,inf,pk not old
kapuɣ,kɒpu,256,2.0,kɒpu
kar,kɒr,257,1.0,kɒr
karakan,kɒrɒkaːn,259,10.0,kɒrɒkaːn
koraːm,kɒraːm,260,5.0,kɒraːm
karampil,kɒrɒmbeːl,261,26.0,kɒrɒmbeːl
karampil,kɒrɒmbeːl,262,26.0,kɒrɒmbeːl
karoɣ,kɒroː,263,4.0,kɒroː
karakotan,kaːroːkɒtonɒ,264,inf,kɒrɒkotɒɲ
karɣaj,kɒrvɒj,265,inf,kɒrjɒj
kataːnɡ,kɒtaːnɡ,266,1.0,kɒtaːnɡ
kazar,kɒzaːr,267,2.0,kɒzaːr
kɛt͡ʃɛkɛ,kɛt͡ʃkɛ,269,inf,kɛt͡ʃɛkɛ
kɛjk,keːk,270,inf,jk# not old
kɛlint͡ʃɛɣ,kɛlɛnɟɛ,271,inf,nt͡ʃ not old
kɛndir,kɛndɛr,272,2.0,kɛndɛr
kɛnɛʃyː,keːnɛʃøː,273,inf,yː# not old
kɛpɛɣ,kɛpɛ,275,1.0,kɛpɛ
keːr,keːrøːd͡zik,277,inf,keːr
kɛvɛrɛɣ,keːrøː,278,inf,kɛrɛrɛ
kɛrtɛ,kɛrt,279,2.0,kɛrt
kyt͡ʃɛlɛɣ,kɛʃɛjyː,280,inf,køt͡ʃɛlɛ
keːt͡ʃ,keːʃik,281,5.0,keːʃik
kit͡ʃin,kit͡ʃiɲ,282,1.0,kit͡ʃiɲ
kyt͡ʃyn,kit͡ʃiɲ,283,955.0,kit͡ʃiɲ
kit͡ʃin,kit͡ʃi,284,inf,kit͡ʃiɲ
kit͡ʃiɣ,kiʃ,285,inf,kit͡ʃi
kijiz,kiːjt͡s,286,inf,kijiz
kykɛrilt͡ʃ,kikɛrit͡ʃ,287,157.0,kikɛrit͡ʃ
kykɛrt͡ʃɛn,kikøt͡ʃeːɲ,288,inf,køkɛrʃɛɲ
kiːn,kiːn,289,inf,keːɲ
kɒbɒk,kobɒk,290,7.0,kobɒk
koboz,koboz,291,1.0,koboz
koldu,koldul,292,inf,kold
koldu,kolduʃ,293,9.0,kolduʃ
koldu,kolduʃ,294,9.0,kolduʃ
kumlaɣ,komloː,295,inf,komjɒ
kɒmit͡ʃin,komoːt͡ʃin,296,594.0,komoːt͡ʃin
kumandur,komondor,297,61.0,komondor
komur,komor,298,1.0,komor
kopurt͡ʃaɣ,koporʃoː,299,3.0,koporʃoː
kur,kor,300,1.0,kor
korɣan,korhaːɲ,301,inf,korjɒɲ
kuroɣ,koːroː,302,28.0,koːroː
kurum,korom,303,1.0,korom
kot͡ʃ,koʃ,304,2.0,koʃ
kasmaɣ,kozmɒ,305,inf,sm not old
kɛdmɛn,kødmøn,306,32.0,kødmøn
kɛdmɛn,kødmɛn,307,8.0,kødmɛn
køkɛn,køkeːɲ,308,3.0,køkeːɲ
kylt͡ʃɛn,kølt͡ʃøn,309,32.0,kølt͡ʃøn
kindik,køldøk,310,inf,kindik
kylɛk,køjøk,311,8.0,køjøk
kɛliɣ,køjyː,312,362.0,køjyː
kømøndørøk,kømøːdørøɡ,313,inf,kømøndørøk
kømøndørøk,kɛntrɛɡ,314,inf,kømøndørøk
kyɲyɣ,køɲv,315,inf,køɲø
kyɲyɣ,køɲy,316,inf,køɲvø
køpt͡ʃɛɣ,køpt͡søʃ,317,inf,pt͡ʃ not old
køpɛk,køpɛt͡s,318,inf,køpɛk
kɛpɛnɛk,køpøɲɛk,319,56.0,køpøɲɛk
kypyɣ,køpyː,320,2.0,køpyː
kɛvrit͡ʃ,køːriʃ,321,86.0,køːriʃ
kɛvrɛɣ,køːrøː,322,25.0,køːrøː
kɛrtβɛli,kørtveːj,323,inf,rtβ not old
kɛrtmɛliɣ,kørtveːj,324,inf,rtm not old
kysɛn,køsøn,325,8.0,køsøn
kuvan,kun,326,inf,korɒɲ
kuvaz,kuvɒs,327,inf,korɒz
kylːɛɣ,kylːøː,328,20.0,kylːøː
køliɡɛliɣ,kylːøː,329,inf,rong phonotactic
kyvɛj,kylːøː,330,inf,kørɛj
munar,moːnaːrkød,331,inf,#m not old
nøɡɛr,ɲøɡeːr,332,inf,#n not old
ut͡ʃoɣ,ot͡ʃuː,333,4.0,ot͡ʃuː
uk,ok,334,1.0,ok
uk,oktɒt,335,inf,ok
aɣul,oːl,336,inf,aːnol
ut͡ʃaɣ,olt͡ʃoː,337,inf,ot͡ʃɒ
oɣlaɣ,olːoː,338,inf,ɣl not old
undaɣ,ondoː,339,3.0,ondoː
urus,oros,342,1.0,oros
uruslaːn,oroslaːn,343,inf,sl not old
urt͡ʃuɣ,orʃoː,344,5.0,orʃoː
uɣru,orv,345,inf,oru
urvot͡ʃi,orvoʃ,346,inf,rv not old
alt͡ʃuk,oʃ,347,inf,aːt͡ʃok
ykyr,økør,348,5.0,økør
ilt,ølt,349,inf,lt# not old
ɛliɣ,øjv,350,inf,ɛli
yn,ønik,351,25.0,ønik
ɛvir,øːr,352,inf,ɛrir
ɛwrmɛn,ørmeːɲ,353,inf,wrm not old
ɛrmɛni,ørmeːɲ,354,336.0,ørmeːɲ
yryk,ørøk,355,5.0,ørøk
øɣir,øryl,356,179.0,øryl
ɛvril,øːryl,357,286.0,øːryl
ɛɣir,ørveːɲ,358,inf,ɛnir
ɛɣrim,øːreːm,359,78.0,øːreːm
ɛɣrim,øːreːm,360,78.0,øːreːm
ørmɛn,ørmeːɲ,361,3.0,ørmeːɲ
ørmɛn,ørmeːɲ,362,3.0,ørmeːɲ
ørmɛn,ørmeːɲ,363,3.0,ørmeːɲ
yzɛn,øzøn,364,24.0,øzøn
t͡ʃaɣt,ʃɒjt,365,5.0,ʃɒjt
t͡ʃaɣt,ʃɒjt,366,5.0,ʃɒjt
ʃar,ʃaːr,367,3.0,ʃaːr
ʃari,ʃaːr,368,5.0,ʃaːr
ʃaruɡ,ʃaːrɡɒ,369,inf,ʃɒroɡ
ʃaːrkaːn,ʃaːrkaːɲ,370,1.0,ʃaːrkaːɲ
t͡ʃarlaɣ,ʃɒrloː,371,329.0,ʃɒrloː
ʃarmaɣ,ʃaːrmɒ,372,3.0,ʃaːrmɒ
t͡ʃaruɣ,ʃɒru,373,20.0,ʃɒru
t͡ʃatur,ʃaːtor,374,10.0,ʃaːtor
ʃɛb,ʃɛbɛʃ,375,inf,b# not old
ʃipir,ʃɛpɛr,376,6.0,ʃɛpɛr
ʃipiriɣ,ʃɛpryː,377,inf,ʃipiri
t͡ʃøprɛɣ,ʃɛprøː,378,60.0,ʃɛprøː
t͡ʃøprɛɣ,ʃɛprøː,379,60.0,ʃɛprøː
ʃir,ʃeːr,380,6.0,ʃeːr
t͡ʃɛriɡ,ʃɛrɛɡ,381,332.0,ʃɛrɛɡ
ʃirkɛ,ʃɛrkɛ,382,7.0,ʃɛrkɛ
ʃɛrlɛɡ,ʃɛrlɛɡ,383,1.0,ʃɛrlɛɡ
ʃirt,ʃɛrtɛ,384,45.0,ʃɛrtɛ
ʃik,ʃiːk,385,7.0,ʃiːk
ʃima,ʃimɒ,386,1.0,ʃimɒ
ʃiu,ʃioː,387,inf,ʃeːik
ʃiu,ʃeːd,388,inf,ʃioː
t͡ʃavli,ʃoːjom,390,inf,t͡ʃɒj
t͡ʃavli,ʃoːjom,391,inf,t͡ʃɒj
t͡ʃum,ʃom,392,5.0,ʃom
ʃumluɣ,ʃomjoː,393,inf,ʃomlo
ʃɛrɛ,ʃør,394,29.0,ʃør
ʃɛvrɛɡɛ,ʃøːrɛɡ,395,29.0,ʃøːrɛɡ
ʃilːɛɣ,ʃylːøː,396,24.0,ʃylːøː
ʃiɣyl,ʃyj,397,inf,ʃinøl
t͡ʃirɛɣ,ʃyːryː,398,293.0,ʃyːryː
siɣ,ʃyː,399,inf,siik
siɣ,ʃyv,400,inf,siik
saɡum,saːɡom,401,13.0,saːɡom
sakaɣ,sɒkɒ,402,1.0,sɒkɒ
sakal,sɒkaːlː,403,10.0,sɒkaːlː
sal,saːl,404,6.0,saːl
sam,saːm,405,3.0,saːm
saɣin,saːn,406,inf,sɒniɲ
sapaɣ,sɒpu,409,inf,sɒpɒ
sar,saːr,410,2.0,saːr
saːrn,saːrɲ,411,inf,rn# not old
satiɣt͡ʃi,sɒtoːt͡ʃ,412,33.0,sɒtoːt͡ʃ
sɛky,seːk,413,4.0,seːk
seːl,seːl,414,1.0,seːl
sɛn,sɛndɛr,415,inf,sɛɲ
søn,søndør,416,inf,søɲ
sip,seːp,417,6.0,seːp
sɛplɛɣ,sɛpløː,418,4.0,sɛpløː
sɛr,sɛr,419,1.0,sɛr
syryɣ,seːryː,420,44.0,seːryː
sis,sɛs,421,2.0,sɛs
sin,siːn,422,26.0,siːn
sijrum,siroɲ,423,2.0,siroɲ
sijrum,siroɲ,424,2.0,siroɲ
sav,soː,426,inf,sɒik
sonkor,sonɡor,427,inf,nk not old
savur,soːr,428,inf,sɒror
sɛk,søt͡ʃkɛ,429,inf,sɛk
sɛk,søkik,430,50.0,søkik
sɛlɛɣ,søːløː,431,52.0,søːløː
sɛlɛɣ,sølːøː,432,59.0,sølːøː
sinuk,suːɲoɡ,433,152.0,suːɲoɡ
siɣt͡ʃi,syːt͡ʃ,434,21.0,syːt͡ʃ
søn,syːnik,435,inf,søɲ
syr,syːr,436,2.0,syːr
syzøk,syːz,437,inf,søzøk
taltut͡ʃi,taːltoʃ,438,41.0,taːltoʃ
tanilt͡ʃ,tɒnaːt͡ʃ,439,23.0,tɒnaːt͡ʃ
tanu,tɒnuː,440,3.0,tɒnuː
taplaɣ,taːplaːl,441,inf,tɒplɒ
topluɣ,tɒploː,442,6.0,tɒploː
tar,tɒr,443,1.0,tɒr
tavar,taːr,444,inf,tɒrɒr
tarlaɣ,tɒrloː,445,3.0,tɒrloː
tart,tɒrt,446,1.0,tɒrt
tatar,tɒtaːr,447,2.0,tɒtaːr
taturɣan,taːtorjaːn,448,inf,tɒtorjɒɲ
taturɣan,taːtorjaːn,449,inf,tɒtorjɒɲ
tɛkɛr,tɛkɛr,450,1.0,tɛkɛr
tɛkɛnɛɣ,tɛknøː,451,inf,tɛkɛnɛ
tɛlyk,tɛlɛk,452,4.0,tɛlɛk
tɛlyk,tɛlɛk,453,4.0,tɛlɛk
tɛnɡ,tɛnɡøːdik,454,inf,tɛnɡ
tɛnɡɛl,tɛnɡɛj,455,inf,tɛnɡɛl
tɛŋir,tɛnɡɛr,456,inf,ŋ not old
tɛvir,teːryl,457,301.0,teːryl
tɛvir,teːriːt,458,inf,tɛrir
tiːr,teːrd,459,inf,tiːr
tɛrɛm,tɛrɛm,460,1.0,tɛrɛm
tɛvɛ,tɛvɛ,461,4.0,tɛvɛ
talkiɣ,tiloː,462,inf,tɒlki
tana,tinoː,463,inf,tɒnɒ
tuɣ,tojik,464,9.0,tojik
tuɣ,tojik,465,9.0,tojik
toku,tok,466,2.0,tok
toklu,tokjoː,467,inf,toklu
tolmat͡ʃ,tolmaːt͡ʃ,468,3.0,tolmaːt͡ʃ
turma,tormɒ,469,1.0,tormɒ
toro,torloːdik,470,inf,toro
toro,torlik,471,inf,toro
turuntaj,torontaːl,472,inf,nt not old
taːt,toːt,473,inf,taːt
tykɛ,tøkeːlɛtɛʃ,474,inf,tøkɛ
tymɛn,tømeːntɛlɛn,475,inf,tømɛɲ
tyɣyr,tør,476,inf,tønør
tøːr,tøːr,477,inf,øː not old
tyrky,tørøk,478,inf,tørk
tørtyn,tørteːnik,479,inf,tørtøɲ
tyryɣɛn,tørveːɲ,480,inf,tørønɛɲ
tøzɛk,tøːzɛɡ,481,50.0,tøːzɛɡ
tukol,tulok,482,inf,tokol
toraɣ,tuːroː,483,84.0,tuːroː
tuɣrɯl,turul,484,45.0,turul
toɣzak,tuːzok,485,181.0,tuːzok
tikɛr,tykør,486,24.0,tykør
tykɛr,tykør,487,20.0,tykør
tyr,tyːr,488,3.0,tyːr
tyr,tyːr,489,3.0,tyːr
tiɣuk,cuːk,490,inf,tinok
uɡu,uɡ,491,6.0,uɡ
uri,uːr,492,inf,or
ɛdy,ydyl,493,506.0,ydyl
idnap,ynːɛp,494,inf,dn not old
inɛɣ,ynøː,495,14.0,ynøː
yrɡɛ,irɡɛ,496,5.0,irɡɛ
yrɡɛ,yrɡɛ,497,inf,irɡɛ
ɛrim,yrøm,498,401.0,yrøm
ɛrim,yrøm,499,401.0,yrøm
iriɣ,yry,500,16.0,yry
isyɡ,ysøk,501,151.0,ysøk
isyɡ,ysøɡ,502,4.0,ysøɡ
øvɛt͡ʃ,yvɛt͡ʃ,503,inf,ørɛt͡ʃ
vaj,vaːj,504,3.0,vaːj
valaɣ,vaːjuː,505,30.0,vaːjuː
vɛjsɛɣ,vɛjsɛ,506,inf,js not old
vɛky,leːk,507,inf,vɛk
vɛky,veːk,508,4.0,veːk
vɛndɛɡ,vɛndeːɡ,509,4.0,vɛndeːɡ
vɛrtɛlyk,veːrtɛlɛk,511,60.0,veːrtɛlɛk
sɛrɡɛ,zɛrɡɛ,512,inf,sɛrɡɛ
