"Rona-Tas-2011-500-1"	"NUMBER"	"GLOSS"	"CONCEPTICON_ID"	"CONCEPTICON_GLOSS"
"Rona-Tas-2011-500-2"	1	"carpenter"	1042	"CARPENTER"
"Rona-Tas-2011-500-3"	2	"cannon, catapult"	3202	"CANNON"
"Rona-Tas-2011-500-4"	3	"to fondle, pet, caress"	3780	"PET"
"Rona-Tas-2011-500-5"	4	"stream, current"	2935	"CURRENT (STREAM)"
"Rona-Tas-2011-500-6"	5	"stream, current"	2935	"CURRENT (STREAM)"
"Rona-Tas-2011-500-7"	6	"false, imitation"	3069	"FALSE"
"Rona-Tas-2011-500-8"	7	"pied (of an animals coat)"	3976	"PIEBALD"
"Rona-Tas-2011-500-9"	8	"pied (of an animals coat)"	3976	"PIEBALD"
"Rona-Tas-2011-500-10"	9	"pied (of an animals coat)"	3976	"PIEBALD"
"Rona-Tas-2011-500-11"	10	"pied (of an animals coat)"	3976	"PIEBALD"
"Rona-Tas-2011-500-12"	11	"apple"	1320	"APPLE"
"Rona-Tas-2011-500-13"	12	"barrel (wooden container andstandard quantity)"	2548	"BARREL"
"Rona-Tas-2011-500-14"	13	"barrel (wooden container andstandard quantity)"	2548	"BARREL"
"Rona-Tas-2011-500-15"	14	"to nurse, take care of"	2472	"SUCKLE (BREASTFEED, NURSE)"
"Rona-Tas-2011-500-16"	15	"to decay, putrify, turn stale"	2907	"ROT"
"Rona-Tas-2011-500-17"	16	"small, tiny"	1246	"SMALL"
"Rona-Tas-2011-500-18"	17	"to mow"	190	"MOW"
"Rona-Tas-2011-500-19"	18	"to mow"	190	"MOW"
"Rona-Tas-2011-500-20"	19	"to decay, putrefy, go bad (of food, water)"	2907	"ROT"
"Rona-Tas-2011-500-21"	20	"to harm"	44	"INJURE"
"Rona-Tas-2011-500-22"	21	"a type of lasso"	340	"LASSO"
"Rona-Tas-2011-500-23"	22	"ditch, canal"	2002	"DITCH"
"Rona-Tas-2011-500-24"	23	"barley, Hordeum"	932	"BARLEY"
"Rona-Tas-2011-500-25"	24	"barrow"	2565	"CASTRATED BOAR"
"Rona-Tas-2011-500-26"	25	"gauntry, gantry (for supporting barrels)"	3977	"GANTRY"
"Rona-Tas-2011-500-27"	26	"charm"	3978	"CHARISMA"
"Rona-Tas-2011-500-28"	27	"soggy place, moor, swamp, marsh"	1145	"SWAMP"
"Rona-Tas-2011-500-29"	28	"hatchet, axe"	677	"AXE"
"Rona-Tas-2011-500-30"	29	"pagan idol, stone or wooden pillar, vertical beam of different wooden instruments, strong, corpulent person"	857	"STONE"
"Rona-Tas-2011-500-31"	30	"governor of Croatia, governor of the southern marches"		"BAN (TITLE)"
"Rona-Tas-2011-500-32"	31	"to regret, to be sorry"	1875	"REGRET"
"Rona-Tas-2011-500-33"	32	"hairy, bushy (of dogs); a big hairy dog (as noun)"	3980	"HAIRY"
"Rona-Tas-2011-500-34"	33	"label, tag"	3981	"LABEL"
"Rona-Tas-2011-500-35"	34	"cattle, livestock"	1153	"CATTLE"
"Rona-Tas-2011-500-36"	35	"velvet"	1982	"VELVET"
"Rona-Tas-2011-500-37"	36	"to fuck"	579	"COPULATE"
"Rona-Tas-2011-500-38"	37	"courageous, brave, valiant"	3	"BRAVE"
"Rona-Tas-2011-500-39"	38	"to estimate, to esteem, to appreciate"	1932	"GUESS"
"Rona-Tas-2011-500-40"	39	"frog"	503	"FROG"
"Rona-Tas-2011-500-41"	40	"hobble, shackle, leg-iron"	3983	"LEGCUFFS"
"Rona-Tas-2011-500-42"	41	"hobble, shackle, leg-iron"	3983	"LEGCUFFS"
"Rona-Tas-2011-500-43"	42	"stamp, bond, mark"	1720	"SIGN"
"Rona-Tas-2011-500-44"	43	"wage, rent"	1122	"WAGES"
"Rona-Tas-2011-500-45"	44	"name of a people"	1405	"NAME"
"Rona-Tas-2011-500-46"	45	"grain or small globule of preciousmetal"	605	"GRAIN"
"Rona-Tas-2011-500-47"	46	"a bird of prey"	307	"HAWK"
"Rona-Tas-2011-500-48"	47	"Pecheneg, name of a tribe"	1405	"NAME"
"Rona-Tas-2011-500-49"	48	"letter (of the alphabet)"	1612	"LETTER"
"Rona-Tas-2011-500-50"	49	"pocket knife"	3742	"POCKETKNIFE"
"Rona-Tas-2011-500-51"	50	"pocket knife"	3742	"POCKETKNIFE"
"Rona-Tas-2011-500-52"	51	"pocket knife"	3742	"POCKETKNIFE"
"Rona-Tas-2011-500-53"	52	"bull"	1008	"BULL"
"Rona-Tas-2011-500-54"	53	"shackles"	3983	"LEGCUFFS"
"Rona-Tas-2011-500-55"	54	"judge"	861	"JUDGE"
"Rona-Tas-2011-500-56"	55	"to be forgiven, bocsánat"	1528	"FORGIVE"
"Rona-Tas-2011-500-57"	56	"to forgive"	1528	"FORGIVE"
"Rona-Tas-2011-500-58"	57	"buckler with handle, handle of different arms"	1064	"SHIELD"
"Rona-Tas-2011-500-59"	58	"knot, bend"	760	"KNOT"
"Rona-Tas-2011-500-60"	59	"stack of hay"	2984	"HEAP"
"Rona-Tas-2011-500-61"	60	"tassel, fringe, tuft, node"	2989	"FRINGE"
"Rona-Tas-2011-500-62"	61	"burdock, Arctium sp."	3984	"ARCTIUM"
"Rona-Tas-2011-500-63"	62	"ankle"	803	"ANKLE"
"Rona-Tas-2011-500-64"	63	"ankle boot"	585	"BOOT"
"Rona-Tas-2011-500-65"	64	"ankle boot"	585	"BOOT"
"Rona-Tas-2011-500-66"	65	"anthill"	1873	"ANTHILL"
"Rona-Tas-2011-500-67"	66	"wine"	1524	"WINE"
"Rona-Tas-2011-500-68"	67	"to cover, to overturn"	761	"COVER"
"Rona-Tas-2011-500-69"	68	"cover"	761	"COVER"
"Rona-Tas-2011-500-70"	69	"calf"	1989	"CALF"
"Rona-Tas-2011-500-71"	70	"pepper"	1385	"PEPPER"
"Rona-Tas-2011-500-72"	71	"pea, Pisum sativum; bean"	832	"BEAN"
"Rona-Tas-2011-500-73"	72	"badger, Meles meles"	3717	"BADGER"
"Rona-Tas-2011-500-74"	73	"witch, sorceress"	824	"WITCH"
"Rona-Tas-2011-500-75"	74	"to annoy"	2892	"MAKE ANGRY (ANNOY)"
"Rona-Tas-2011-500-76"	75	"revenge"	495	"REVENGE"
"Rona-Tas-2011-500-77"	76	"stick, cane"	1295	"STICK"
"Rona-Tas-2011-500-78"	77	"stick, cane"	1295	"STICK"
"Rona-Tas-2011-500-79"	78	"stick, cane"	1295	"STICK"
"Rona-Tas-2011-500-80"	79	"stick, cane"	1295	"STICK"
"Rona-Tas-2011-500-81"	80	"a kind of beer, alcoholic beverage"	404	"ALCOHOL (FERMENTED DRINK)"
"Rona-Tas-2011-500-82"	81	"rich; abundant, roomy"	712	"RICH"
"Rona-Tas-2011-500-83"	82	"horsefly, gadfly"	3262	"HORSEFLY"
"Rona-Tas-2011-500-84"	83	"fast(ing)"	1631	"FAST"
"Rona-Tas-2011-500-85"	84	"wise"	698	"WISE"
"Rona-Tas-2011-500-86"	85	"cradle"	2946	"CRADLE"
"Rona-Tas-2011-500-87"	86	"bison"	3142	"BISON"
"Rona-Tas-2011-500-88"	87	"prison, jail"	1281	"PRISON"
"Rona-Tas-2011-500-89"	88	"Ismaelite, name of an ethnic group in Medieval Hungary"	1405	"NAME"
"Rona-Tas-2011-500-90"	89	"sad, bad-tempered"	699	"SAD"
"Rona-Tas-2011-500-91"	90	"farewell, indulgence, dedication festival, annual parish-feast"	3554	"GOODBYE"
"Rona-Tas-2011-500-92"	91	"ox; also ox, goat, ram without or with small or unusual horns;stupid"	1502	"GOAT"
"Rona-Tas-2011-500-93"	92	"Volga Bulgar"	1405	"NAME"
"Rona-Tas-2011-500-94"	93	"steam, vapour, fumes; heat"	1193	"STEAM"
"Rona-Tas-2011-500-95"	94	"wheat, Triticum"	1077	"WHEAT"
"Rona-Tas-2011-500-96"	95	"club, mace, reed-mace"	1763	"CLUB"
"Rona-Tas-2011-500-97"	96	"beech"	1950	"BEECH"
"Rona-Tas-2011-500-98"	97	"sin"	2971	"SIN"
"Rona-Tas-2011-500-99"	98	"(blunt) end of something, a rod with an end cut, obtuse end of a field-strip, the shorter side or end of a piece of furniture, foot of the hill"	3985	"STUB"
"Rona-Tas-2011-500-100"	99	"magical"	3986	"MAGICAL"
"Rona-Tas-2011-500-101"	100	"a kind of willow, Salix elægnos"	818	"WILLOW"
"Rona-Tas-2011-500-102"	101	"trap; snare (for catching birds); bird cage"	1075	"TRAP (PITFALL)"
"Rona-Tas-2011-500-103"	102	"trap; snare (for catching birds); bird cage"	1075	"TRAP (PITFALL)"
"Rona-Tas-2011-500-104"	103	"trap; snare (for catching birds); bird cage"	1075	"TRAP (PITFALL)"
"Rona-Tas-2011-500-105"	104	"trap; snare (for catching birds); bird cage"	1075	"TRAP (PITFALL)"
"Rona-Tas-2011-500-106"	105	"a kind of willow, used for baskets and in viticulture, Salix purpurea"	818	"WILLOW"
"Rona-Tas-2011-500-107"	106	"a kind of willow"	818	"WILLOW"
"Rona-Tas-2011-500-108"	107	"a kind of wolfs milk, Easter flower, Euphorbia"	3987	"EUPHORBIA"
"Rona-Tas-2011-500-109"	108	"a kind of wolfs milk, Easter flower, Euphorbia"	3987	"EUPHORBIA"
"Rona-Tas-2011-500-110"	109	"a fish, Leuciscus souffia agassizi"	227	"FISH"
"Rona-Tas-2011-500-111"	110	"only, just"	1580	"ONLY"
"Rona-Tas-2011-500-112"	111	"pick-axe; mace; a small axe; war hammer"	677	"AXE"
"Rona-Tas-2011-500-113"	112	"nettle, Urtica"	33	"NETTLE"
"Rona-Tas-2011-500-114"	113	"nettle, Urtica"	33	"NETTLE"
"Rona-Tas-2011-500-115"	114	"nettle, Urtica"	33	"NETTLE"
"Rona-Tas-2011-500-116"	115	"thicket, brushwood, dry foliage, grove, meadow"	2819	"GRASSLAND"
"Rona-Tas-2011-500-117"	116	"thicket, brushwood; dry foliage, grove, meadow"	2819	"GRASSLAND"
"Rona-Tas-2011-500-118"	117	"(silver) cup, wooden ladle, earthenware bowl"	476	"CUP"
"Rona-Tas-2011-500-119"	118	"fighting, troop, army group, battle, quarrel, hubbub, flock"	1848	"QUARREL"
"Rona-Tas-2011-500-120"	119	"fighting, troop, army group, battle, quarrel, hubbub, flock"	1848	"QUARREL"
"Rona-Tas-2011-500-121"	120	"to add, to join; to buckle up something"	1743	"JOIN"
"Rona-Tas-2011-500-122"	121	"clasp"	3988	"FASTENER"
"Rona-Tas-2011-500-123"	122	"measle, smallpox, pocks; skin eruption; decorative embroidery"	1054	"SMALLPOX"
"Rona-Tas-2011-500-124"	123	"measle, smallpox, pocks; skin eruption; decorative embroidery"	1054	"SMALLPOX"
"Rona-Tas-2011-500-125"	124	"to bind (something)"	1917	"TIE"
"Rona-Tas-2011-500-126"	125	"impurities, tow, chaff"	2363	"CHAFF (HUSK)"
"Rona-Tas-2011-500-127"	126	"impurities, tow, chaff"	2363	"CHAFF (HUSK)"
"Rona-Tas-2011-500-128"	127	"impurities, tow, chaff"	2363	"CHAFF (HUSK)"
"Rona-Tas-2011-500-129"	128	"impurities, tow, chaff"	2363	"CHAFF (HUSK)"
"Rona-Tas-2011-500-130"	129	"snail, Helix; snail-shell, pulley, vertebra"	1543	"SNAIL"
"Rona-Tas-2011-500-131"	130	"a wine of low quality, a fruit wine"	1524	"WINE"
"Rona-Tas-2011-500-132"	131	"a wine of low quality, a fruit wine"	1524	"WINE"
"Rona-Tas-2011-500-133"	132	"secretion, mucus discharged from the eyes"	3989	"RHEUM"
"Rona-Tas-2011-500-134"	133	"squint-eyed, blind in one eye, onearmed, one-legged"	87	"SQUINT-EYED"
"Rona-Tas-2011-500-135"	134	"a carpenters axe with a long helve"	677	"AXE"
"Rona-Tas-2011-500-136"	135	"stallion"	936	"STALLION"
"Rona-Tas-2011-500-137"	136	"stallion"	936	"STALLION"
"Rona-Tas-2011-500-138"	137	"stallion"	936	"STALLION"
"Rona-Tas-2011-500-139"	138	"sexual organ of large male animals, of a bull; a whip made from it"	1222	"PENIS"
"Rona-Tas-2011-500-140"	139	"feast, christening feast (at baptism)"	3990	"BANQUET"
"Rona-Tas-2011-500-141"	140	"to become smaller, remain small, to sway, to totter, tosprain"	573	"SWAY"
"Rona-Tas-2011-500-142"	141	"stubborn"	3634	"STUBBORN"
"Rona-Tas-2011-500-143"	142	"field-guard; herald; Turkish envoy"	3991	"COURIER"
"Rona-Tas-2011-500-144"	143	"rough, coarse; ugly; wild, unbridled"	1548	"UGLY"
"Rona-Tas-2011-500-145"	144	"to wind, to turn, to distrort, misinterpret, to spin a yarn"	1588	"TURN"
"Rona-Tas-2011-500-146"	145	"bobbin, spindle"	277	"SPINDLE"
"Rona-Tas-2011-500-147"	146	"excellent; worthless"	1035	"GOOD"
"Rona-Tas-2011-500-148"	147	"a short fur coat"	603	"COAT"
"Rona-Tas-2011-500-149"	148	"grist, groats, soft hail"	3992	"GRIST"
"Rona-Tas-2011-500-150"	149	"grist, groats, soft hail"	3992	"GRIST"
"Rona-Tas-2011-500-151"	150	"noon, south"	12	"MIDDAY"
"Rona-Tas-2011-500-152"	151	"noon, south"	12	"MIDDAY"
"Rona-Tas-2011-500-153"	152	"nut; walnut, Juglans"	2042	"WALNUT"
"Rona-Tas-2011-500-154"	153	"nut; walnut, Juglans"	2042	"WALNUT"
"Rona-Tas-2011-500-155"	154	"pig, Sus domestica"	1337	"PIG"
"Rona-Tas-2011-500-156"	155	"to lean, topple over, stream down"	3619	"LEAN"
"Rona-Tas-2011-500-157"	156	"to lean, topple over, stream down"	3619	"LEAN"
"Rona-Tas-2011-500-158"	157	"to squeeze, to thrust into"	1414	"SQUEEZE"
"Rona-Tas-2011-500-159"	158	"to squeeze, to thrust into"	1414	"SQUEEZE"
"Rona-Tas-2011-500-160"	159	"church (building and organisation)"	1349	"CHURCH"
"Rona-Tas-2011-500-161"	160	"church (building and organisation)"	1349	"CHURCH"
"Rona-Tas-2011-500-162"	161	"wedge"	3993	"WEDGE"
"Rona-Tas-2011-500-163"	162	"plough"	2154	"PLOUGH (INSTRUMENT)"
"Rona-Tas-2011-500-164"	163	"to allow, permit, concede; yield, give way"	3238	"ALLOW"
"Rona-Tas-2011-500-165"	164	"to propitiate"	3994	"ATONE"
"Rona-Tas-2011-500-166"	165	"community work in agriculture, a kind of corvée"	984	"WORK"
"Rona-Tas-2011-500-167"	166	"to arrive, to reach, get to"	1387	"ARRIVE"
"Rona-Tas-2011-500-168"	167	"merit"	3995	"MERIT"
"Rona-Tas-2011-500-169"	168	"morals, morality"	3996	"MORALITY"
"Rona-Tas-2011-500-170"	169	"to tire, lose vitality, slacken, relax"	168	"REST"
"Rona-Tas-2011-500-171"	170	"strength, power"	2526	"POWER"
"Rona-Tas-2011-500-172"	171	"oath"	1712	"OATH"
"Rona-Tas-2011-500-173"	172	"oath"	1712	"OATH"
"Rona-Tas-2011-500-174"	173	"reason, mind"	1562	"MIND"
"Rona-Tas-2011-500-175"	174	"river, name of a river"	666	"RIVER"
"Rona-Tas-2011-500-176"	175	"river, name of a river"	666	"RIVER"
"Rona-Tas-2011-500-177"	176	"weed"	3288	"WEED"
"Rona-Tas-2011-500-178"	177	"pelican, Pelicanus"	472	"PELICAN"
"Rona-Tas-2011-500-179"	178	"pelican, Pelicanus"	472	"PELICAN"
"Rona-Tas-2011-500-180"	179	"polecat, Putorius foetidus"	3997	"POLECAT"
"Rona-Tas-2011-500-181"	180	"polecat, Putorius foetidus"	3997	"POLECAT"
"Rona-Tas-2011-500-182"	181	"matchmaker"	3998	"MATCHMAKER"
"Rona-Tas-2011-500-183"	182	"gleaner mouse, Mus spicilegus"	3999	"STEPPE MOUSE"
"Rona-Tas-2011-500-184"	183	"to abuse, calumniate"	1953	"ABUSE"
"Rona-Tas-2011-500-185"	184	"drag-net, a kind of fishing net"	2653	"NET (FOR CATCHING)"
"Rona-Tas-2011-500-186"	185	"suspicion, mistrust"	3197	"SUSPICION"
"Rona-Tas-2011-500-187"	186	"wool"	964	"WOOL"
"Rona-Tas-2011-500-188"	187	"cotton"	1850	"COTTON"
"Rona-Tas-2011-500-189"	188	"to increase, to put on weight, to grow stronger"	1041	"INCREASE"
"Rona-Tas-2011-500-190"	189	"to increase, to put on weight, to grow stronger"	1041	"INCREASE"
"Rona-Tas-2011-500-191"	190	"poor, frail, feeble"	1674	"POOR"
"Rona-Tas-2011-500-192"	191	"to produce, build, fabricate"	2886	"PRODUCE"
"Rona-Tas-2011-500-193"	192	"mourning, bereavement"	3673	"MOURNING"
"Rona-Tas-2011-500-194"	193	"bulrush, Typha latifolia / angustifolia; matting made of bulrushes"	4000	"BULRUSH"
"Rona-Tas-2011-500-195"	194	"weak, feeble"	1601	"WEAK"
"Rona-Tas-2011-500-196"	195	"rein"	4001	"REIN"
"Rona-Tas-2011-500-197"	196	"borderland, hedge"	4002	"BORDERLAND"
"Rona-Tas-2011-500-198"	197	"lawn,grass-(plot)"	606	"GRASS"
"Rona-Tas-2011-500-199"	198	"child"	2099	"CHILD"
"Rona-Tas-2011-500-200"	199	"child"	2099	"CHILD"
"Rona-Tas-2011-500-201"	200	"candle"	1273	"CANDLE"
"Rona-Tas-2011-500-202"	201	"hornbeam, Carpinus betulus"	4003	"HORNBEAM"
"Rona-Tas-2011-500-203"	202	"murder, killer"	845	"MURDER"
"Rona-Tas-2011-500-204"	203	"weed"	3288	"WEED"
"Rona-Tas-2011-500-205"	204	"stomach"	819	"STOMACH"
"Rona-Tas-2011-500-206"	205	"to confess (sins)"	4004	"CONFESS"
"Rona-Tas-2011-500-207"	206	"to confess (sins)"	4004	"CONFESS"
"Rona-Tas-2011-500-208"	207	"cudweed, Gnaphalium; Edelweiss"	4005	"CUDWEED"
"Rona-Tas-2011-500-209"	208	"pearl"	3325	"PEARL"
"Rona-Tas-2011-500-210"	209	"to torture, to make suffer"	1952	"TORTURE"
"Rona-Tas-2011-500-211"	210	"to conquer (somebody, something), triumph (over somebody, something), gain victory"	3849	"TRIUMPH"
"Rona-Tas-2011-500-212"	211	"to catch fire, be kindled, to be ignited"	737	"LIGHT (IGNITE)"
"Rona-Tas-2011-500-213"	212	"to knead, pug"	274	"KNEAD"
"Rona-Tas-2011-500-214"	213	"to assemble, gather"	7	"GATHER"
"Rona-Tas-2011-500-215"	214	"to collect,gather something"	7	"GATHER"
"Rona-Tas-2011-500-216"	215	"to hate"	1607	"HATE"
"Rona-Tas-2011-500-217"	216	"fruit"	1507	"FRUIT"
"Rona-Tas-2011-500-218"	217	"hawthorn, a plant similar to the whitethorn, or elder"	1168	"HAWTHORN"
"Rona-Tas-2011-500-219"	218	"a kind of tree similar to the maple or cornel, Acer tataricum, Cornussanguinea"	4012	"ACER TATRICUM"
"Rona-Tas-2011-500-220"	219	"ring"	1374	"RING"
"Rona-Tas-2011-500-221"	220	"thimble"	4006	"THIMBLE"
"Rona-Tas-2011-500-222"	221	"boat, ship"	1844	"BOAT"
"Rona-Tas-2011-500-223"	222	"bell"	2246	"BELL"
"Rona-Tas-2011-500-224"	223	"hawk"	307	"HAWK"
"Rona-Tas-2011-500-225"	224	"sand"	671	"SAND"
"Rona-Tas-2011-500-226"	225	"noose, loop, snare"	2604	"NOOSE"
"Rona-Tas-2011-500-227"	226	"time, weather"	892	"TIME"
"Rona-Tas-2011-500-228"	227	"word, biblical word, verb"	1599	"WORD"
"Rona-Tas-2011-500-229"	228	"yes; affirmative particle, very"	1268	"YES"
"Rona-Tas-2011-500-230"	229	"to be frightened, to take fright"	2109	"FEAR OR FRIGHTEN"
"Rona-Tas-2011-500-231"	230	"to be frightened, to take fright"	2109	"FEAR OR FRIGHTEN"
"Rona-Tas-2011-500-232"	231	"twin"	1005	"TWINS"
"Rona-Tas-2011-500-233"	232	"proper behaviour"	4007	"MORAL"
"Rona-Tas-2011-500-234"	233	"to suit something, to be proper, to fit into"	4008	"SUITABLE"
"Rona-Tas-2011-500-235"	234	"to adore, worship"	257	"WORSHIP"
"Rona-Tas-2011-500-236"	235	"shirt"	1622	"SHIRT"
"Rona-Tas-2011-500-237"	236	"to write"	1672	"WRITE"
"Rona-Tas-2011-500-238"	237	"buttermilk"	4009	"BUTTERMILK"
"Rona-Tas-2011-500-239"	238	"to glow, be hot"	1286	"HOT"
"Rona-Tas-2011-500-240"	239	"name of an ethnic group of Iranian origin in Hungary"	1405	"NAME"
"Rona-Tas-2011-500-241"	240	"do-less, do-little"	4010	"DO-LITTLE"
"Rona-Tas-2011-500-242"	241	"bulrush, club-rush, different plants like Schoenoplectus (Cyperaceæ)"	4000	"BULRUSH"
"Rona-Tas-2011-500-243"	242	"guide, pilot; conductor, ticket inspector"	43	"LEAD (GUIDE)"
"Rona-Tas-2011-500-244"	243	"guide, pilot; conductor, ticket inspector"	43	"LEAD (GUIDE)"
"Rona-Tas-2011-500-245"	244	"an ethnic group of Muslim faith in Mediaeval Hungary"	1405	"NAME"
"Rona-Tas-2011-500-246"	245	"a water plant, Stratiotes aloides"	4011	"STRATIOTES ALOIDES"
"Rona-Tas-2011-500-247"	246	"a water plant, Stratiotes aloides"	4011	"STRATIOTES ALOIDES"
"Rona-Tas-2011-500-248"	247	"a water plant, Stratiotes aloides"	4011	"STRATIOTES ALOIDES"
"Rona-Tas-2011-500-249"	248	"whip, lash"	2630	"WHIP"
"Rona-Tas-2011-500-250"	249	"whip, lash"	2630	"WHIP"
"Rona-Tas-2011-500-251"	250	"whip, lash"	2630	"WHIP"
"Rona-Tas-2011-500-252"	251	"saddle strap"	2973	"STRAP"
"Rona-Tas-2011-500-253"	252	"saddle strap"	2973	"STRAP"
"Rona-Tas-2011-500-254"	253	"bridle, reins"	4001	"REIN"
"Rona-Tas-2011-500-255"	254	"measles"	3389	"MEASLES"
"Rona-Tas-2011-500-256"	255	"trap, snare"	1075	"TRAP (PITFALL)"
"Rona-Tas-2011-500-257"	256	"gate"	2940	"GATE"
"Rona-Tas-2011-500-258"	257	"arm"	1673	"ARM"
"Rona-Tas-2011-500-259"	258	"damage, loss"	2947	"DAMAGE (INJURY)"
"Rona-Tas-2011-500-260"	259	"man of grit, stout fellow"	4013	"MAN OF GRIT"
"Rona-Tas-2011-500-261"	260	"sheepfold, cattlegrid, stockyard, a yard encircled by a fence, shedfor animals"	3402	"SHEEPFOLD"
"Rona-Tas-2011-500-262"	261	"pink, several kinds of pink, Danthus, D. caryophyllus, several members of the Caryophillaceæ"	3446	"PINK"
"Rona-Tas-2011-500-263"	262	"pink, several kinds of pink, Danthus, D. caryophyllus, several members of the Caryophillaceæ"	3446	"PINK"
"Rona-Tas-2011-500-264"	263	"stake, pale, stick"	1295	"STICK"
"Rona-Tas-2011-500-265"	264	"a fishing water bird with black feathers, cormorant,Phalacrocorax carbo"	840	"CORMORANT"
"Rona-Tas-2011-500-266"	265	"sparrow hawk, Accipiter n. nisus"	307	"HAWK"
"Rona-Tas-2011-500-267"	266	"chicory, Cichorium sp., Cichorium intybus"	4014	"CHICORY"
"Rona-Tas-2011-500-268"	267	"an ethnic name, Kazar"	1405	"NAME"
"Rona-Tas-2011-500-269"	268	"bosom, breast"	1402	"BREAST"
"Rona-Tas-2011-500-270"	269	"goat, Capra hircus"	1502	"GOAT"
"Rona-Tas-2011-500-271"	270	"blue"	837	"BLUE"
"Rona-Tas-2011-500-272"	271	"trousseau, dowry, gift given with the bride or bridegroom"	3168	"DOWRY"
"Rona-Tas-2011-500-273"	272	"hemp, Cannabis"	2041	"HEMP"
"Rona-Tas-2011-500-274"	273	"mercury"	4015	"MERCURY"
"Rona-Tas-2011-500-275"	274	"picture, shape, form"	2401	"PICTURE"
"Rona-Tas-2011-500-276"	275	"shock, shook, sheaves placed crosswise, also a unit of grain paid orgiven"	4016	"STOOK"
"Rona-Tas-2011-500-277"	276	"a kind of ship"	740	"SHIP"
"Rona-Tas-2011-500-278"	277	"to ruminate (of bovines)"	3680	"RUMINATE"
"Rona-Tas-2011-500-279"	278	"cud"	4017	"CUD"
"Rona-Tas-2011-500-280"	279	"garden, place for animals"	586	"GARDEN"
"Rona-Tas-2011-500-281"	280	"vulture, Vultur"	1185	"VULTURE"
"Rona-Tas-2011-500-282"	281	"to be, become late"	1579	"BE"
"Rona-Tas-2011-500-283"	282	"small, little"	1246	"SMALL"
"Rona-Tas-2011-500-284"	283	"small, little"	1246	"SMALL"
"Rona-Tas-2011-500-285"	284	"small"	1246	"SMALL"
"Rona-Tas-2011-500-286"	285	"small, little"	1246	"SMALL"
"Rona-Tas-2011-500-287"	286	"felt"	325	"FELT"
"Rona-Tas-2011-500-288"	287	"wild/meadow saffron, Colchicum autumnale; lions tooth, Taraxacum"	2230	"UNTAMED OR WILD"
"Rona-Tas-2011-500-289"	288	"a bird similar to a falcon, a kind of bird of prey"	3258	"FALCON"
"Rona-Tas-2011-500-290"	289	"pain"	1783	"PAIN"
"Rona-Tas-2011-500-291"	290	"gourd, calabash, Lagenaria vulgaris; head, billy-cock-hat"	1256	"HEAD"
"Rona-Tas-2011-500-292"	291	"lute, cittern"	2681	"LUTE"
"Rona-Tas-2011-500-293"	292	"to beg, to mendicate"	3534	"BEG"
"Rona-Tas-2011-500-294"	293	"beggar"	1934	"BEGGAR"
"Rona-Tas-2011-500-295"	294	"beggar"	1934	"BEGGAR"
"Rona-Tas-2011-500-296"	295	"hops, Humulus lupulus"	3316	"HOPS"
"Rona-Tas-2011-500-297"	296	"timothy-grass, phleum, Phleum sp."	4018	"TIMOTHY"
"Rona-Tas-2011-500-298"	297	"a kind of Hungarian sheepdog"	4019	"KOMONDOR"
"Rona-Tas-2011-500-299"	298	"gloomy, grave, morose, sombre, dull-coloured; not properly castrated"	1773	"GRAVE"
"Rona-Tas-2011-500-300"	299	"coffin"	2011	"COFFIN"
"Rona-Tas-2011-500-301"	300	"age, period"	1789	"AGE"
"Rona-Tas-2011-500-302"	301	"tomb, small hill, elevated, dry place in a marsh"	1773	"GRAVE"
"Rona-Tas-2011-500-303"	302	"dry stalk of weed"	342	"HAY"
"Rona-Tas-2011-500-304"	303	"soot"	830	"SOOT"
"Rona-Tas-2011-500-305"	304	"ram"	1344	"RAM"
"Rona-Tas-2011-500-306"	305	"burn"	2102	"BURN"
"Rona-Tas-2011-500-307"	306	"frock, sheepskin waistcoat"	603	"COAT"
"Rona-Tas-2011-500-308"	307	"frock, sheepskin waistcoat"	603	"COAT"
"Rona-Tas-2011-500-309"	308	"blackthorn, Prunus spinosa"	4020	"BLACKTHORN"
"Rona-Tas-2011-500-310"	309	"loan"	4021	"LOAN"
"Rona-Tas-2011-500-311"	310	"the navel; various parts of agricultural and other instruments,around which something turns or rotates or which is in the centre"	1838	"NAVEL"
"Rona-Tas-2011-500-312"	311	"young of an animal, kid, puppy, lad"	1972	"KID"
"Rona-Tas-2011-500-313"	312	"pounder, beater, small mortar"	2459	"GRINDSTONE"
"Rona-Tas-2011-500-314"	313	"breast strap"	2973	"STRAP"
"Rona-Tas-2011-500-315"	314	"breast strap"	2973	"STRAP"
"Rona-Tas-2011-500-316"	315	"book"	963	"BOOK"
"Rona-Tas-2011-500-317"	316	"book"	963	"BOOK"
"Rona-Tas-2011-500-318"	317	"stumpy, a small, thick man"	1246	"SMALL"
"Rona-Tas-2011-500-319"	318	"a kind of Hungarian sheepdog, komondor"	4019	"KOMONDOR"
"Rona-Tas-2011-500-320"	319	"cloak, gown, overcoat"	326	"CLOAK"
"Rona-Tas-2011-500-321"	320	"churn, beehive, anything with a hollow part in which something canbe fitted in, a trough, tray for channelling water, the same used as a small bridge (the latter in Translyvania)"	88	"BEEHIVE"
"Rona-Tas-2011-500-322"	321	"ash tree, Fraxinus sp."	1089	"FRAXINUS"
"Rona-Tas-2011-500-323"	322	"mellow, powdery, crumbly, rotten, mouldy"	1728	"ROTTEN"
"Rona-Tas-2011-500-324"	323	"pear, Pyrus communis"	922	"PEAR"
"Rona-Tas-2011-500-325"	324	"pear, Pyrus communis"	922	"PEAR"
"Rona-Tas-2011-500-326"	325	"to greet, to thank"	3552	"GREET"
"Rona-Tas-2011-500-327"	326	"the Cuman ethnic group in Hungary"	1405	"NAME"
"Rona-Tas-2011-500-328"	327	"a kind of dog, a Hungarian breed of sheepdog"	4019	"KOMONDOR"
"Rona-Tas-2011-500-329"	328	"laughing bird, Picus viridis"	4022	"PICUS VIRIDIS"
"Rona-Tas-2011-500-330"	329	"a fish living at the bottom of the river, gudgeon, Gobio fluviatilis"	4023	"GOBIO GOBIO"
"Rona-Tas-2011-500-331"	330	"laughing bird, Picus viridis"	4022	"PICUS VIRIDIS"
"Rona-Tas-2011-500-332"	331	"dry summer fog, rainbow"	1733	"RAINBOW"
"Rona-Tas-2011-500-333"	332	"the name of a group of military people in Hungary,the Cuman bodyguard to the Hungarian king"	1405	"NAME"
"Rona-Tas-2011-500-334"	333	"chaff, husks, winnowings, tailings, refuse of grain"	2363	"CHAFF (HUSK)"
"Rona-Tas-2011-500-335"	334	"cause, reason"	860	"CAUSE"
"Rona-Tas-2011-500-336"	335	"to teach"	709	"TEACH"
"Rona-Tas-2011-500-337"	336	"sty, cattle pen, sheepfold"	4024	"PEN (ENCLOSURE)"
"Rona-Tas-2011-500-338"	337	"cheap"	1887	"CHEAP"
"Rona-Tas-2011-500-339"	338	"kid (of a goat)"	1972	"KID"
"Rona-Tas-2011-500-340"	339	"sperm, seminal fluid"	1505	"SPERM"
"Rona-Tas-2011-500-341"	340	"crumb (of bread), morsel, a small piece of bread"	4025	"CRUMB"
"Rona-Tas-2011-500-342"	341	"crumb (of bread), morsel, a small piece of bread"	4025	"CRUMB"
"Rona-Tas-2011-500-343"	342	"Russian"	1405	"NAME"
"Rona-Tas-2011-500-344"	343	"lion"	1386	"LION"
"Rona-Tas-2011-500-345"	344	"spindle, whorl"	277	"SPINDLE"
"Rona-Tas-2011-500-346"	345	"thief"	1160	"THIEF"
"Rona-Tas-2011-500-347"	346	"physician"	597	"PHYSICIAN"
"Rona-Tas-2011-500-348"	347	"cune in play in ostábla"	4026	"POINT (TABLE GAMES)"
"Rona-Tas-2011-500-349"	348	"ox"	1169	"OX"
"Rona-Tas-2011-500-350"	349	"to stitch, to put on a dress"	4027	"STITCH"
"Rona-Tas-2011-500-351"	350	"hawk, buzzard, Buteo buteo"	307	"HAWK"
"Rona-Tas-2011-500-352"	351	"to take root, to grow stronger (plant, animal)"	619	"ANIMAL"
"Rona-Tas-2011-500-353"	352	"to grind, mill"	1033	"GRIND"
"Rona-Tas-2011-500-354"	353	"milling product"	1594	"FLOUR"
"Rona-Tas-2011-500-355"	354	"Armenian"	1405	"NAME"
"Rona-Tas-2011-500-356"	355	"eternal"	4028	"ETERNAL"
"Rona-Tas-2011-500-357"	356	"to rejoice, to be glad"	2192	"REJOICE"
"Rona-Tas-2011-500-358"	357	"to become mad"	4029	"BECOME MAD"
"Rona-Tas-2011-500-359"	358	"whirlpool, eddy"	1982	"WHIRLPOOL"
"Rona-Tas-2011-500-360"	359	"whirlpool, eddy"	1982	"WHIRLPOOL"
"Rona-Tas-2011-500-361"	360	"whirlpool, eddy"	1982	"WHIRLPOOL"
"Rona-Tas-2011-500-362"	361	"whirlpool, eddy"	1982	"WHIRLPOOL"
"Rona-Tas-2011-500-363"	362	"whirlpool, eddy"	1982	"WHIRLPOOL"
"Rona-Tas-2011-500-364"	363	"whirlpool, eddy"	1982	"WHIRLPOOL"
"Rona-Tas-2011-500-365"	364	"flood, deluge, stream"	947	"STREAM"
"Rona-Tas-2011-500-366"	365	"cheese"	1569	"CHEESE"
"Rona-Tas-2011-500-367"	366	"cheese"	1569	"CHEESE"
"Rona-Tas-2011-500-368"	367	"mud, marsh"	640	"MUD"
"Rona-Tas-2011-500-369"	368	"yellow"	1424	"YELLOW"
"Rona-Tas-2011-500-370"	369	"yellow"	1424	"YELLOW"
"Rona-Tas-2011-500-371"	370	"dragon"	2038	"DRAGON"
"Rona-Tas-2011-500-372"	371	"sickle"	341	"SICKLE"
"Rona-Tas-2011-500-373"	372	"a type of wild onion, Ornithogalum"	4030	"ORNITHOGALUM"
"Rona-Tas-2011-500-374"	373	"footwear, sandals"	2047	"STRAW SANDAL"
"Rona-Tas-2011-500-375"	374	"tent"	1316	"TENT"
"Rona-Tas-2011-500-376"	375	"fast, quick"	1631	"FAST"
"Rona-Tas-2011-500-377"	376	"to sweep, to broom"	230	"SWEEP"
"Rona-Tas-2011-500-378"	377	"broom"	245	"BROOM"
"Rona-Tas-2011-500-379"	378	"draff, lees, dregs of wine"	4031	"LEES"
"Rona-Tas-2011-500-380"	379	"draff, lees, dregs of wine"	4031	"LEES"
"Rona-Tas-2011-500-381"	380	"to injure, to hurt"	44	"INJURE"
"Rona-Tas-2011-500-382"	381	"army, troops, crowd"	1561	"ARMY"
"Rona-Tas-2011-500-383"	382	"a nit"	267	"NIT"
"Rona-Tas-2011-500-384"	383	"cup, goblet"	476	"CUP"
"Rona-Tas-2011-500-385"	384	"also short sheaves used to strengthen athatched roof"		
"Rona-Tas-2011-500-386"	385	"even, flat, open (water)"	1633	"FLAT"
"Rona-Tas-2011-500-387"	386	"smooth, simít"	1234	"SMOOTH"
"Rona-Tas-2011-500-388"	387	"running water, running channel under a mill"	3311	"FLOWING BODY OF WATER"
"Rona-Tas-2011-500-389"	388	"spring, well, brook"	1537	"SPRINGTIME"
"Rona-Tas-2011-500-390"	389	"much, many"	1198	"MANY"
"Rona-Tas-2011-500-391"	390	"falcon"	3258	"FALCON"
"Rona-Tas-2011-500-392"	391	"falcon"	3258	"FALCON"
"Rona-Tas-2011-500-393"	392	"dogwood (tree), cornel, Cornus"	4032	"CORNUS"
"Rona-Tas-2011-500-394"	393	"dogwood (tree), cornel, Cornus"	4032	"CORNUS"
"Rona-Tas-2011-500-395"	394	"beer"	1639	"BEER"
"Rona-Tas-2011-500-396"	395	"sterlet, sturgeon, Acipenser stellatus, ruthenus"	3606	"STURGEON"
"Rona-Tas-2011-500-397"	396	"pike perch, zander, Stizostedion lucioperca"	4033	"STIZOSTEDION LUCIOPERCA"
"Rona-Tas-2011-500-398"	397	"scurvy"	4034	"SCURVY"
"Rona-Tas-2011-500-399"	398	"dense, thick (of woods or soup)"	2239	"DENSE"
"Rona-Tas-2011-500-400"	399	"brother-in-law"	2314	"BROTHER-IN-LAW"
"Rona-Tas-2011-500-401"	400	"brother-in-law"	2314	"BROTHER-IN-LAW"
"Rona-Tas-2011-500-402"	401	"mirage"	4035	"MIRAGE"
"Rona-Tas-2011-500-403"	402	"uvula, the recurved point of a fishing hook or a lance, red wattle on a chicken"	2293	"UVULA"
"Rona-Tas-2011-500-404"	403	"beard"	678	"BEARD"
"Rona-Tas-2011-500-405"	404	"raft"	1664	"RAFT"
"Rona-Tas-2011-500-406"	405	"number"	1356	"NUMBER"
"Rona-Tas-2011-500-407"	406	"to have pity for, to regret"	1875	"REGRET"
"Rona-Tas-2011-500-408"	407	"to wish, to intend something for somebody/something, to devote"	2117	"DESIRE"
"Rona-Tas-2011-500-409"	408	"trousseau box"	4036	"TROUSSEAU BOX"
"Rona-Tas-2011-500-410"	409	"bucket, wooden pail (with a handle)"	2052	"BUCKET"
"Rona-Tas-2011-500-411"	410	"light-coloured, yellowish, pale, (partly) bald"	1125	"BALD"
"Rona-Tas-2011-500-412"	411	"wing"	1257	"WING"
"Rona-Tas-2011-500-413"	412	"grocer, grand handler"	4037	"GROCER"
"Rona-Tas-2011-500-414"	413	"chair, seat, bench, throne"	1476	"CHAIR"
"Rona-Tas-2011-500-415"	414	"wind"	960	"WIND"
"Rona-Tas-2011-500-416"	415	"to slumber, to doze"	4038	"SLUMBER"
"Rona-Tas-2011-500-417"	416	"to slumber, to doze"	4038	"SLUMBER"
"Rona-Tas-2011-500-418"	417	"beautiful"	1427	"BEAUTIFUL"
"Rona-Tas-2011-500-419"	418	"freckle, sun spot, stain"	530	"FRECKLE"
"Rona-Tas-2011-500-420"	419	"part of a village, street, group of people; row, line, order"	1362	"STREET"
"Rona-Tas-2011-500-421"	420	"threshing floor (round)"	223	"THRESHING-FLOOR"
"Rona-Tas-2011-500-422"	421	"fumes, vapour, spirits, alcohol, humours"	404	"ALCOHOL (FERMENTED DRINK)"
"Rona-Tas-2011-500-423"	422	"colour, face, external appearance, the best part of something, the upperpart of something"	1560	"FACE"
"Rona-Tas-2011-500-424"	423	"thin hide rope, strap (used for embroidery or as a whip), refrozen thin layer after the melting of snow"	2973	"STRAP"
"Rona-Tas-2011-500-425"	424	"thin hide rope, strap (used for embroidery or as a whip), refrozen thin layer after the melting of snow"	2973	"STRAP"
"Rona-Tas-2011-500-426"	425	"rock, cliff, occiput, crest (of mountain)"	992	"CLIFF"
"Rona-Tas-2011-500-427"	426	"word"	1599	"WORD"
"Rona-Tas-2011-500-428"	427	"a kind of falcon, Pielfalcus, Gyrfalco"	4039	"GYRFALCON"
"Rona-Tas-2011-500-429"	428	"to spread, to scatter, to winnow"	3705	"SCATTER"
"Rona-Tas-2011-500-430"	429	"grasshopper"	607	"GRASSHOPPER"
"Rona-Tas-2011-500-431"	430	"to leap, to jump, to escape, to flee"	1829	"JUMP"
"Rona-Tas-2011-500-432"	431	"grape, wine grape, Vitis vinifer"	920	"GRAPE"
"Rona-Tas-2011-500-433"	432	"grape, wine grape, Vitis vinifer"	920	"GRAPE"
"Rona-Tas-2011-500-434"	433	"mosquito, gnat, Culex pipens"	1509	"MOSQUITO"
"Rona-Tas-2011-500-435"	434	"furrier"	4040	"FURRIER"
"Rona-Tas-2011-500-436"	435	"to cease, to stop"	1928	"CEASE"
"Rona-Tas-2011-500-437"	436	"to strain, to filter"	940	"STRAIN"
"Rona-Tas-2011-500-438"	437	"virgin, pure"	1147	"PURE"
"Rona-Tas-2011-500-439"	438	"sorcerer, medicine man"	394	"SHAMAN (FOLK HEALER)"
"Rona-Tas-2011-500-440"	439	"advice; council"	4041	"ADVICE"
"Rona-Tas-2011-500-441"	440	"witness"	1144	"WITNESS"
"Rona-Tas-2011-500-442"	441	"to feed, to nourish"	739	"FEED"
"Rona-Tas-2011-500-443"	442	"tinder, tinder fungus, Fomes fomentarius"	4042	"FORMES FOMENTARIUS"
"Rona-Tas-2011-500-444"	443	"bald"	1125	"BALD"
"Rona-Tas-2011-500-445"	444	"depot: tárház"	3399	"WAREHOUSE"
"Rona-Tas-2011-500-446"	445	"plough field, arable field, stubble field"	4043	"ARABLE LAND"
"Rona-Tas-2011-500-447"	446	"to hold, carry; to last, visszatart"	1448	"HOLD"
"Rona-Tas-2011-500-448"	447	"Tatar"	1405	"NAME"
"Rona-Tas-2011-500-449"	448	"name of several kinds of plants, e.g. Anemosphoros, Buniasorientalis, Napus, Crambe tatarica; storm wind"	4044	"BUNIAS ORIENTALIS"
"Rona-Tas-2011-500-450"	449	"name of several kinds of plants, e.g. Anemosphoros, Buniasorientalis, Napus, Crambe tatarica; storm wind"	4044	"BUNIAS ORIENTALIS"
"Rona-Tas-2011-500-451"	450	"to wind something round, to twist"	430	"TWIST"
"Rona-Tas-2011-500-452"	451	"trough, wash tub, hutch"	205	"TROUGH"
"Rona-Tas-2011-500-453"	452	"strap (on a whip, or on a kind of sandal)"	2973	"STRAP"
"Rona-Tas-2011-500-454"	453	"a piece of land, field, parcel, patch, a higher place where animals rest and accumulate dung"	212	"FIELD"
"Rona-Tas-2011-500-455"	454	"to vegetate, to linger in misery"	4045	"VEGETATE"
"Rona-Tas-2011-500-456"	455	"axle"	1769	"AXLE"
"Rona-Tas-2011-500-457"	456	"sea"	1474	"SEA"
"Rona-Tas-2011-500-458"	457	"to turn, to change the original direction"	1588	"TURN"
"Rona-Tas-2011-500-459"	458	"to turn, to change the original direction"	1588	"TURN"
"Rona-Tas-2011-500-460"	459	"knee"	1371	"KNEE"
"Rona-Tas-2011-500-461"	460	"hall, chamber, great room"	4046	"HALL"
"Rona-Tas-2011-500-462"	461	"camel"	1871	"CAMEL"
"Rona-Tas-2011-500-463"	462	"hemp breaker, swingle, scutch"	4047	"SCUTCH"
"Rona-Tas-2011-500-464"	463	"steer, young bullock, ox"	1169	"OX"
"Rona-Tas-2011-500-465"	464	"to lay eggs"	2464	"LAY EGGS"
"Rona-Tas-2011-500-466"	465	"to lay eggs"	2464	"LAY EGGS"
"Rona-Tas-2011-500-467"	466	"sturgeon, Acipenser sturio"	3606	"STURGEON"
"Rona-Tas-2011-500-468"	467	"one-year-old lamb"	820	"LAMB"
"Rona-Tas-2011-500-469"	468	"interpreter"	3744	"INTERPRETER"
"Rona-Tas-2011-500-470"	469	"horseradish, Armoracia rusticana"	4048	"HORSERADISH"
"Rona-Tas-2011-500-471"	470	"to pile up, to become blocked"	1576	"PILE UP"
"Rona-Tas-2011-500-472"	471	"to pile up, to become blocked"	1576	"PILE UP"
"Rona-Tas-2011-500-473"	472	"a kind of small falcon, Falco columbarius aescalon"	3258	"FALCON"
"Rona-Tas-2011-500-474"	473	"Slovak"	1405	"NAME"
"Rona-Tas-2011-500-475"	474	"perfect"	1035	"GOOD"
"Rona-Tas-2011-500-476"	475	"innumerable"	1198	"MANY"
"Rona-Tas-2011-500-477"	476	"to break (also e.g. hemp, salt, pepper), to separate into pieces, to break,to crush"	1520	"CRUSH"
"Rona-Tas-2011-500-478"	477	"snare, trap"	1075	"TRAP (PITFALL)"
"Rona-Tas-2011-500-479"	478	"Turk, Turkish, Turkic, Ottoman"	1405	"NAME"
"Rona-Tas-2011-500-480"	479	"to happen, to occur"	248	"HAPPEN"
"Rona-Tas-2011-500-481"	480	"law"	1062	"LAW"
"Rona-Tas-2011-500-482"	481	"peat, turf, dried dung"	4049	"PEAT"
"Rona-Tas-2011-500-483"	482	"steer, young bullock, ox or cow"	1007	"COW"
"Rona-Tas-2011-500-484"	483	"cottage cheese, cheese curds"	4050	"COTTAGE CHEESE"
"Rona-Tas-2011-500-485"	484	"the totem bird of the Árpád dynasty, a bird of prey"	4051	"TURUL"
"Rona-Tas-2011-500-486"	485	"bustard, Otis"	4052	"BUSTARD"
"Rona-Tas-2011-500-487"	486	"mirror"	1171	"MIRROR"
"Rona-Tas-2011-500-488"	487	"mirror"	1171	"MIRROR"
"Rona-Tas-2011-500-489"	488	"to endure, suffer, bear, stand"	833	"ENDURE"
"Rona-Tas-2011-500-490"	489	"to roll up (a scroll or ones sleeves)"	4053	"ROLL UP"
"Rona-Tas-2011-500-491"	490	"hen"	1514	"HEN"
"Rona-Tas-2011-500-492"	491	"owl, Strix"	735	"OWL"
"Rona-Tas-2011-500-493"	492	"gentleman, lord, sir, high dignity, Lord (also of a king or of God)"	3153	"LORD"
"Rona-Tas-2011-500-494"	493	"to refresh oneself, to rest, to become cured"	168	"REST"
"Rona-Tas-2011-500-495"	494	"feast, ünnepnap"	3990	"BANQUET"
"Rona-Tas-2011-500-496"	495	"heifer, roe doe"	4054	"HEIFER"
"Rona-Tas-2011-500-497"	496	"ground squirrel, Citellus citellus"	4055	"GROUND SQUIRREL"
"Rona-Tas-2011-500-498"	497	"ground squirrel, Citellus citellus"	4055	"GROUND SQUIRREL"
"Rona-Tas-2011-500-499"	498	"wormwood, Artemisia; bitterness"	887	"BITTER"
"Rona-Tas-2011-500-500"	499	"wormwood, Artemisia; bitterness"	887	"BITTER"
"Rona-Tas-2011-500-501"	500	"wether, sheep"	1331	"SHEEP"
"Rona-Tas-2011-500-502"	501	"hot embers, extinguished embers"	67	"EMBERS"
"Rona-Tas-2011-500-503"	502	"hot embers, extinguished embers"	67	"EMBERS"
"Rona-Tas-2011-500-504"	503	"one-year-old female sheep"	1331	"SHEEP"
"Rona-Tas-2011-500-505"	504	"to hollow out, to scoop out"	46	"HOLLOW OUT"
"Rona-Tas-2011-500-506"	505	"trough, tray"	205	"TROUGH"
"Rona-Tas-2011-500-507"	506	"fishweir"	4056	"FISHWEIR"
"Rona-Tas-2011-500-508"	507	"a hole in the ice (for fishing)"	4057	"ICE HOLE"
"Rona-Tas-2011-500-509"	508	"a hole in the ice (for fishing)"	4057	"ICE HOLE"
"Rona-Tas-2011-500-510"	509	"guest"	1782	"GUEST"
"Rona-Tas-2011-500-511"	510	"to plait, to lay the rope"	3295	"BRAID (VERB)"
"Rona-Tas-2011-500-512"	511	"gable, frontispiece"	4058	"GABLE"
"Rona-Tas-2011-500-513"	512	"chamois, Rupicapra rupicapra"	4059	"CHAMOIS"
