ID,Target_Form_ID,Source_Form_ID,Comment,Source
1-0_carpenter,EAH-0_carpenter-1,WOT-0_carpenter-1,,wot
2-1_cannoncatapult,EAH-1_cannoncatapult-1,WOT-1_cannoncatapult-1,,wot
3-2_tofondlepetcaress,EAH-2_tofondlepetcaress-1,WOT-2_tofondlepetcaress-1,,wot
4-4_falseimitation,EAH-4_falseimitation-1,WOT-4_falseimitation-1,,wot
5-5_piedofananimalscoat,EAH-5_piedofananimalscoat-1,WOT-5_piedofananimalscoat-1,,wot
6-5_piedofananimalscoat,EAH-5_piedofananimalscoat-2,WOT-5_piedofananimalscoat-2,,wot
7-5_piedofananimalscoat,EAH-5_piedofananimalscoat-3,WOT-5_piedofananimalscoat-3,,wot
8-5_piedofananimalscoat,EAH-5_piedofananimalscoat-4,WOT-5_piedofananimalscoat-4,,wot
9-6_apple,EAH-6_apple-1,WOT-6_apple-1,,wot
10-7_barrelwoodencontainerandstandardquantity,EAH-7_barrelwoodencontainerandstandardquantity-1,WOT-7_barrelwoodencontainerandstandardquantity-1,,wot
11-7_barrelwoodencontainerandstandardquantity,EAH-7_barrelwoodencontainerandstandardquantity-2,WOT-7_barrelwoodencontainerandstandardquantity-2,,wot
12-8_tonursetakecareof,EAH-8_tonursetakecareof-1,WOT-8_tonursetakecareof-1,,wot
13-9_todecayputrifyturnstale,EAH-9_todecayputrifyturnstale-1,WOT-9_todecayputrifyturnstale-1,,wot
14-10_smalltiny,EAH-10_smalltiny-1,WOT-10_smalltiny-1,,wot
15-11_tomow,EAH-11_tomow-1,WOT-11_tomow-1,,wot
16-11_tomow,EAH-11_tomow-2,WOT-11_tomow-2,,wot
17-12_todecayputrefygobadoffoodwater,EAH-12_todecayputrefygobadoffoodwater-1,WOT-12_todecayputrefygobadoffoodwater-1,,wot
18-13_toharm,EAH-13_toharm-1,WOT-13_toharm-1,,wot
19-15_ditchcanal,EAH-15_ditchcanal-1,WOT-15_ditchcanal-1,,wot
20-16_barleyhordeum,EAH-16_barleyhordeum-1,WOT-16_barleyhordeum-1,,wot
21-17_barrow,EAH-17_barrow-1,WOT-17_barrow-1,,wot
22-18_gauntrygantryforsupportingbarrels,EAH-18_gauntrygantryforsupportingbarrels-1,WOT-18_gauntrygantryforsupportingbarrels-1,,wot
23-19_charm,EAH-19_charm-1,WOT-19_charm-1,,wot
24-20_soggyplacemoorswampmarsh,EAH-20_soggyplacemoorswampmarsh-1,WOT-20_soggyplacemoorswampmarsh-1,,wot
25-21_hatchetaxe,EAH-21_hatchetaxe-1,WOT-21_hatchetaxe-1,,wot
26-22_paganidolstoneorwoodenpillarverticalbeamofdifferentwoodeninstrumentsstrongcorpulentperson,EAH-22_paganidolstoneorwoodenpillarverticalbeamofdifferentwoodeninstrumentsstrongcorpulentperson-1,WOT-22_paganidolstoneorwoodenpillarverticalbeamofdifferentwoodeninstrumentsstrongcorpulentperson-1,,wot
27-24_toregrettobesorry,EAH-24_toregrettobesorry-1,WOT-24_toregrettobesorry-1,,wot
28-27_cattlelivestock,EAH-27_cattlelivestock-1,WOT-27_cattlelivestock-1,,wot
29-28_velvet,EAH-28_velvet-1,WOT-28_velvet-1,,wot
30-29_tofuck,EAH-29_tofuck-1,WOT-29_tofuck-1,,wot
31-30_courageousbravevaliant,EAH-30_courageousbravevaliant-1,WOT-30_courageousbravevaliant-1,,wot
32-31_toestimatetoesteemtoappreciate,EAH-31_toestimatetoesteemtoappreciate-1,WOT-31_toestimatetoesteemtoappreciate-1,,wot
33-32_frog,EAH-32_frog-1,WOT-32_frog-1,,wot
34-33_hobbleshacklelegiron,EAH-33_hobbleshacklelegiron-1,WOT-33_hobbleshacklelegiron-1,,wot
35-33_hobbleshacklelegiron,EAH-33_hobbleshacklelegiron-2,WOT-33_hobbleshacklelegiron-2,,wot
36-34_stampbondmark,EAH-34_stampbondmark-1,WOT-34_stampbondmark-1,,wot
37-35_wagerent,EAH-35_wagerent-1,WOT-35_wagerent-1,,wot
38-36_nameofapeople,EAH-36_nameofapeople-1,WOT-36_nameofapeople-1,,wot
39-37_grainorsmallglobuleofpreciousmetal,EAH-37_grainorsmallglobuleofpreciousmetal-1,WOT-37_grainorsmallglobuleofpreciousmetal-1,,wot
40-38_abirdofprey,EAH-38_abirdofprey-1,WOT-38_abirdofprey-1,,wot
41-39_pechenegnameofatribe,EAH-39_pechenegnameofatribe-1,WOT-39_pechenegnameofatribe-1,,wot
42-40_letterofthealphabet,EAH-40_letterofthealphabet-1,WOT-40_letterofthealphabet-1,,wot
43-41_pocketknife,EAH-41_pocketknife-1,WOT-41_pocketknife-1,,wot
44-41_pocketknife,EAH-41_pocketknife-2,WOT-41_pocketknife-2,,wot
45-41_pocketknife,EAH-41_pocketknife-3,WOT-41_pocketknife-3,,wot
46-42_bull,EAH-42_bull-1,WOT-42_bull-1,,wot
47-43_shackles,EAH-43_shackles-1,WOT-43_shackles-1,,wot
48-44_judge,EAH-44_judge-1,WOT-44_judge-1,,wot
49-45_tobeforgiven,EAH-45_tobeforgiven-1,WOT-45_tobeforgiven-1,,wot
50-46_toforgive,EAH-46_toforgive-1,WOT-46_toforgive-1,,wot
51-48_knotbend,EAH-48_knotbend-1,WOT-48_knotbend-1,,wot
52-49_stackofhay,EAH-49_stackofhay-1,WOT-49_stackofhay-1,,wot
53-50_tasselfringetuftnode,EAH-50_tasselfringetuftnode-1,WOT-50_tasselfringetuftnode-1,,wot
54-51_burdockarctiumsp,EAH-51_burdockarctiumsp-1,WOT-51_burdockarctiumsp-1,,wot
55-52_ankle,EAH-52_ankle-1,WOT-52_ankle-1,,wot
56-53_ankleboot,EAH-53_ankleboot-1,WOT-53_ankleboot-1,,wot
57-53_ankleboot,EAH-53_ankleboot-2,WOT-53_ankleboot-2,,wot
58-54_anthill,EAH-54_anthill-1,WOT-54_anthill-1,,wot
59-55_wine,EAH-55_wine-1,WOT-55_wine-1,,wot
60-56_tocovertooverturn,EAH-56_tocovertooverturn-1,WOT-56_tocovertooverturn-1,,wot
61-57_cover,EAH-57_cover-1,WOT-57_cover-1,,wot
62-58_calf,EAH-58_calf-1,WOT-58_calf-1,,wot
63-59_pepper,EAH-59_pepper-1,WOT-59_pepper-1,,wot
64-60_peapisumsativumbean,EAH-60_peapisumsativumbean-1,WOT-60_peapisumsativumbean-1,,wot
65-61_badgermelesmeles,EAH-61_badgermelesmeles-1,WOT-61_badgermelesmeles-1,,wot
66-62_witchsorceress,EAH-62_witchsorceress-1,WOT-62_witchsorceress-1,,wot
67-63_toannoy,EAH-63_toannoy-1,WOT-63_toannoy-1,,wot
68-64_revenge,EAH-64_revenge-1,WOT-64_revenge-1,,wot
69-65_stickcane,EAH-65_stickcane-1,WOT-65_stickcane-1,,wot
70-65_stickcane,EAH-65_stickcane-2,WOT-65_stickcane-2,,wot
71-65_stickcane,EAH-65_stickcane-3,WOT-65_stickcane-3,,wot
72-65_stickcane,EAH-65_stickcane-4,WOT-65_stickcane-4,,wot
73-67_richabundantroomy,EAH-67_richabundantroomy-1,WOT-67_richabundantroomy-1,,wot
74-68_horseflygadfly,EAH-68_horseflygadfly-1,WOT-68_horseflygadfly-1,,wot
75-69_fasting,EAH-69_fasting-1,WOT-69_fasting-1,,wot
76-70_wise,EAH-70_wise-1,WOT-70_wise-1,,wot
77-71_cradle,EAH-71_cradle-1,WOT-71_cradle-1,,wot
78-72_bison,EAH-72_bison-1,WOT-72_bison-1,,wot
79-73_prisonjail,EAH-73_prisonjail-1,WOT-73_prisonjail-1,,wot
80-75_sadbadtempered,EAH-75_sadbadtempered-1,WOT-75_sadbadtempered-1,,wot
81-76_farewellindulgencededicationfestivalannualparishfeast,EAH-76_farewellindulgencededicationfestivalannualparishfeast-1,WOT-76_farewellindulgencededicationfestivalannualparishfeast-1,,wot
82-78_volgabulgar,EAH-78_volgabulgar-1,WOT-78_volgabulgar-1,,wot
83-79_steamvapourfumesheat,EAH-79_steamvapourfumesheat-1,WOT-79_steamvapourfumesheat-1,,wot
84-80_wheattriticum,EAH-80_wheattriticum-1,WOT-80_wheattriticum-1,,wot
85-82_beech,EAH-82_beech-1,WOT-82_beech-1,,wot
86-83_sin,EAH-83_sin-1,WOT-83_sin-1,,wot
87-84_bluntendofsomethingarodwithanendcutobtuseendofafieldstriptheshortersideorendofapieceoffurniturefootofthehill,EAH-84_bluntendofsomethingarodwithanendcutobtuseendofafieldstriptheshortersideorendofapieceoffurniturefootofthehill-1,WOT-84_bluntendofsomethingarodwithanendcutobtuseendofafieldstriptheshortersideorendofapieceoffurniturefootofthehill-1,,wot
88-85_magical,EAH-85_magical-1,WOT-85_magical-1,,wot
89-86_akindofwillowsalixelgnos,EAH-86_akindofwillowsalixelgnos-1,WOT-86_akindofwillowsalixelgnos-1,,wot
90-87_trapsnareforcatchingbirdsbirdcage,EAH-87_trapsnareforcatchingbirdsbirdcage-1,WOT-87_trapsnareforcatchingbirdsbirdcage-1,,wot
91-87_trapsnareforcatchingbirdsbirdcage,EAH-87_trapsnareforcatchingbirdsbirdcage-2,WOT-87_trapsnareforcatchingbirdsbirdcage-2,,wot
92-87_trapsnareforcatchingbirdsbirdcage,EAH-87_trapsnareforcatchingbirdsbirdcage-3,WOT-87_trapsnareforcatchingbirdsbirdcage-3,,wot
93-87_trapsnareforcatchingbirdsbirdcage,EAH-87_trapsnareforcatchingbirdsbirdcage-4,WOT-87_trapsnareforcatchingbirdsbirdcage-4,,wot
94-88_akindofwillowusedforbasketsandinviticulturesalixpurpurea,EAH-88_akindofwillowusedforbasketsandinviticulturesalixpurpurea-1,WOT-88_akindofwillowusedforbasketsandinviticulturesalixpurpurea-1,,wot
95-89_akindofwillow,EAH-89_akindofwillow-1,WOT-89_akindofwillow-1,,wot
96-92_onlyjust,EAH-92_onlyjust-1,WOT-92_onlyjust-1,,wot
97-93_pickaxemaceasmallaxewarhammer,EAH-93_pickaxemaceasmallaxewarhammer-1,WOT-93_pickaxemaceasmallaxewarhammer-1,,wot
98-94_nettleurtica,EAH-94_nettleurtica-1,WOT-94_nettleurtica-1,,wot
99-94_nettleurtica,EAH-94_nettleurtica-2,WOT-94_nettleurtica-2,,wot
100-94_nettleurtica,EAH-94_nettleurtica-3,WOT-94_nettleurtica-3,,wot
101-96_thicketbrushwooddryfoliagegrovemeadow,EAH-96_thicketbrushwooddryfoliagegrovemeadow-1,WOT-96_thicketbrushwooddryfoliagegrovemeadow-1,,wot
102-96_thicketbrushwooddryfoliagegrovemeadow,EAH-96_thicketbrushwooddryfoliagegrovemeadow-2,WOT-96_thicketbrushwooddryfoliagegrovemeadow-2,,wot
103-97_silvercupwoodenladleearthenwarebowl,EAH-97_silvercupwoodenladleearthenwarebowl-1,WOT-97_silvercupwoodenladleearthenwarebowl-1,,wot
104-98_fightingtrooparmygroupbattlequarrelhubbubflock,EAH-98_fightingtrooparmygroupbattlequarrelhubbubflock-1,WOT-98_fightingtrooparmygroupbattlequarrelhubbubflock-1,,wot
105-98_fightingtrooparmygroupbattlequarrelhubbubflock,EAH-98_fightingtrooparmygroupbattlequarrelhubbubflock-2,WOT-98_fightingtrooparmygroupbattlequarrelhubbubflock-2,,wot
106-99_toaddtojointobuckleupsomething,EAH-99_toaddtojointobuckleupsomething-1,WOT-99_toaddtojointobuckleupsomething-1,,wot
107-100_clasp,EAH-100_clasp-1,WOT-100_clasp-1,,wot
108-101_measlesmallpoxpocksskineruptiondecorativeembroidery,EAH-101_measlesmallpoxpocksskineruptiondecorativeembroidery-1,WOT-101_measlesmallpoxpocksskineruptiondecorativeembroidery-1,,wot
109-101_measlesmallpoxpocksskineruptiondecorativeembroidery,EAH-101_measlesmallpoxpocksskineruptiondecorativeembroidery-2,WOT-101_measlesmallpoxpocksskineruptiondecorativeembroidery-2,,wot
110-102_tobindsomething,EAH-102_tobindsomething-1,WOT-102_tobindsomething-1,,wot
111-103_impuritiestowchaff,EAH-103_impuritiestowchaff-1,WOT-103_impuritiestowchaff-1,,wot
112-103_impuritiestowchaff,EAH-103_impuritiestowchaff-2,WOT-103_impuritiestowchaff-2,,wot
113-103_impuritiestowchaff,EAH-103_impuritiestowchaff-3,WOT-103_impuritiestowchaff-3,,wot
114-103_impuritiestowchaff,EAH-103_impuritiestowchaff-4,WOT-103_impuritiestowchaff-4,,wot
115-104_snailhelixsnailshellpulleyvertebra,EAH-104_snailhelixsnailshellpulleyvertebra-1,WOT-104_snailhelixsnailshellpulleyvertebra-1,,wot
116-105_awineoflowqualityafruitwine,EAH-105_awineoflowqualityafruitwine-1,WOT-105_awineoflowqualityafruitwine-1,,wot
117-105_awineoflowqualityafruitwine,EAH-105_awineoflowqualityafruitwine-2,WOT-105_awineoflowqualityafruitwine-2,,wot
118-106_secretionmucusdischargedfromtheeyes,EAH-106_secretionmucusdischargedfromtheeyes-1,WOT-106_secretionmucusdischargedfromtheeyes-1,,wot
119-107_squinteyedblindinoneeyeonearmedonelegged,EAH-107_squinteyedblindinoneeyeonearmedonelegged-1,WOT-107_squinteyedblindinoneeyeonearmedonelegged-1,,wot
120-108_acarpentersaxewithalonghelve,EAH-108_acarpentersaxewithalonghelve-1,WOT-108_acarpentersaxewithalonghelve-1,,wot
121-110_sexualorganoflargemaleanimalsofabullawhipmadefromit,EAH-110_sexualorganoflargemaleanimalsofabullawhipmadefromit-1,WOT-110_sexualorganoflargemaleanimalsofabullawhipmadefromit-1,,wot
122-111_feastchristeningfeastatbaptism,EAH-111_feastchristeningfeastatbaptism-1,WOT-111_feastchristeningfeastatbaptism-1,,wot
123-112_tobecomesmallerremainsmalltoswaytotottertosprain,EAH-112_tobecomesmallerremainsmalltoswaytotottertosprain-1,WOT-112_tobecomesmallerremainsmalltoswaytotottertosprain-1,,wot
124-113_stubborn,EAH-113_stubborn-1,WOT-113_stubborn-1,,wot
125-114_fieldguardheraldturkishenvoy,EAH-114_fieldguardheraldturkishenvoy-1,WOT-114_fieldguardheraldturkishenvoy-1,,wot
126-115_roughcoarseuglywildunbridled,EAH-115_roughcoarseuglywildunbridled-1,WOT-115_roughcoarseuglywildunbridled-1,,wot
127-116_towindtoturntodistrortmisinterprettospinayarn,EAH-116_towindtoturntodistrortmisinterprettospinayarn-1,WOT-116_towindtoturntodistrortmisinterprettospinayarn-1,,wot
128-117_bobbinspindle,EAH-117_bobbinspindle-1,WOT-117_bobbinspindle-1,,wot
129-120_gristgroatssofthail,EAH-120_gristgroatssofthail-1,WOT-120_gristgroatssofthail-1,,wot
130-120_gristgroatssofthail,EAH-120_gristgroatssofthail-2,WOT-120_gristgroatssofthail-2,,wot
131-121_noonsouth,EAH-121_noonsouth-1,WOT-121_noonsouth-1,,wot
132-121_noonsouth,EAH-121_noonsouth-2,WOT-121_noonsouth-2,,wot
133-122_nutwalnutjuglans,EAH-122_nutwalnutjuglans-1,WOT-122_nutwalnutjuglans-1,,wot
134-122_nutwalnutjuglans,EAH-122_nutwalnutjuglans-2,WOT-122_nutwalnutjuglans-2,,wot
135-123_pigsusdomestica,EAH-123_pigsusdomestica-1,WOT-123_pigsusdomestica-1,,wot
136-124_toleantoppleoverstreamdown,EAH-124_toleantoppleoverstreamdown-1,WOT-124_toleantoppleoverstreamdown-1,,wot
137-124_toleantoppleoverstreamdown,EAH-124_toleantoppleoverstreamdown-2,WOT-124_toleantoppleoverstreamdown-2,,wot
138-125_tosqueezetothrustinto,EAH-125_tosqueezetothrustinto-1,WOT-125_tosqueezetothrustinto-1,,wot
139-125_tosqueezetothrustinto,EAH-125_tosqueezetothrustinto-2,WOT-125_tosqueezetothrustinto-2,,wot
140-126_churchbuildingandorganisation,EAH-126_churchbuildingandorganisation-1,WOT-126_churchbuildingandorganisation-1,,wot
141-126_churchbuildingandorganisation,EAH-126_churchbuildingandorganisation-2,WOT-126_churchbuildingandorganisation-2,,wot
142-128_plough,EAH-128_plough-1,WOT-128_plough-1,,wot
143-129_toallowpermitconcedeyieldgiveway,EAH-129_toallowpermitconcedeyieldgiveway-1,WOT-129_toallowpermitconcedeyieldgiveway-1,,wot
144-130_topropitiate,EAH-130_topropitiate-1,WOT-130_topropitiate-1,,wot
145-131_communityworkinagricultureakindofcorvee,EAH-131_communityworkinagricultureakindofcorvee-1,WOT-131_communityworkinagricultureakindofcorvee-1,,wot
146-132_toarrivetoreachgetto,EAH-132_toarrivetoreachgetto-1,WOT-132_toarrivetoreachgetto-1,,wot
147-133_merit,EAH-133_merit-1,WOT-133_merit-1,,wot
148-134_moralsmorality,EAH-134_moralsmorality-1,WOT-134_moralsmorality-1,,wot
149-135_totirelosevitalityslackenrelax,EAH-135_totirelosevitalityslackenrelax-1,WOT-135_totirelosevitalityslackenrelax-1,,wot
150-136_strengthpower,EAH-136_strengthpower-1,WOT-136_strengthpower-1,,wot
151-137_oath,EAH-137_oath-1,WOT-137_oath-1,,wot
152-137_oath,EAH-137_oath-2,WOT-137_oath-2,,wot
153-138_reasonmind,EAH-138_reasonmind-1,WOT-138_reasonmind-1,,wot
154-139_rivernameofariver,EAH-139_rivernameofariver-1,WOT-139_rivernameofariver-1,,wot
155-139_rivernameofariver,EAH-139_rivernameofariver-2,WOT-139_rivernameofariver-2,,wot
156-162_weed,EAH-162_weed-1,WOT-162_weed-1,,wot
157-140_pelicanpelicanus,EAH-140_pelicanpelicanus-1,WOT-140_pelicanpelicanus-1,,wot
158-140_pelicanpelicanus,EAH-140_pelicanpelicanus-2,WOT-140_pelicanpelicanus-2,,wot
159-141_polecatputoriusfoetidus,EAH-141_polecatputoriusfoetidus-1,WOT-141_polecatputoriusfoetidus-1,,wot
160-141_polecatputoriusfoetidus,EAH-141_polecatputoriusfoetidus-2,WOT-141_polecatputoriusfoetidus-2,,wot
161-143_gleanermousemusspicilegus,EAH-143_gleanermousemusspicilegus-1,WOT-143_gleanermousemusspicilegus-1,,wot
162-144_toabusecalumniate,EAH-144_toabusecalumniate-1,WOT-144_toabusecalumniate-1,,wot
163-145_dragnetakindoffishingnet,EAH-145_dragnetakindoffishingnet-1,WOT-145_dragnetakindoffishingnet-1,,wot
164-146_suspicionmistrust,EAH-146_suspicionmistrust-1,WOT-146_suspicionmistrust-1,,wot
165-147_wool,EAH-147_wool-1,WOT-147_wool-1,,wot
166-148_cotton,EAH-148_cotton-1,WOT-148_cotton-1,,wot
167-149_toincreasetoputonweighttogrowstronger,EAH-149_toincreasetoputonweighttogrowstronger-1,WOT-149_toincreasetoputonweighttogrowstronger-1,,wot
168-149_toincreasetoputonweighttogrowstronger,EAH-149_toincreasetoputonweighttogrowstronger-2,WOT-149_toincreasetoputonweighttogrowstronger-2,,wot
169-150_poorfrailfeeble,EAH-150_poorfrailfeeble-1,WOT-150_poorfrailfeeble-1,,wot
170-151_toproducebuildfabricate,EAH-151_toproducebuildfabricate-1,WOT-151_toproducebuildfabricate-1,,wot
171-152_mourningbereavement,EAH-152_mourningbereavement-1,WOT-152_mourningbereavement-1,,wot
172-153_bulrushtyphalatifoliaangustifoliamattingmadeofbulrushes,EAH-153_bulrushtyphalatifoliaangustifoliamattingmadeofbulrushes-1,WOT-153_bulrushtyphalatifoliaangustifoliamattingmadeofbulrushes-1,,wot
173-154_weakfeeble,EAH-154_weakfeeble-1,WOT-154_weakfeeble-1,,wot
174-155_rein,EAH-155_rein-1,WOT-155_rein-1,,wot
175-156_borderlandhedge,EAH-156_borderlandhedge-1,WOT-156_borderlandhedge-1,,wot
176-157_lawngrassplot,EAH-157_lawngrassplot-1,WOT-157_lawngrassplot-1,,wot
177-158_child,EAH-158_child-1,WOT-158_child-1,,wot
178-158_child,EAH-158_child-2,WOT-158_child-2,,wot
179-159_candle,EAH-159_candle-1,WOT-159_candle-1,,wot
180-160_hornbeamcarpinusbetulus,EAH-160_hornbeamcarpinusbetulus-1,WOT-160_hornbeamcarpinusbetulus-1,,wot
181-161_murderkiller,EAH-161_murderkiller-1,WOT-161_murderkiller-1,,wot
182-162_weed,EAH-162_weed-2,WOT-162_weed-2,,wot
183-163_stomach,EAH-163_stomach-1,WOT-163_stomach-1,,wot
184-164_toconfesssins,EAH-164_toconfesssins-1,WOT-164_toconfesssins-1,,wot
185-164_toconfesssins,EAH-164_toconfesssins-2,WOT-164_toconfesssins-2,,wot
186-165_cudweedgnaphaliumedelweiss,EAH-165_cudweedgnaphaliumedelweiss-1,WOT-165_cudweedgnaphaliumedelweiss-1,,wot
187-166_pearl,EAH-166_pearl-1,WOT-166_pearl-1,,wot
188-167_totorturetomakesuffer,EAH-167_totorturetomakesuffer-1,WOT-167_totorturetomakesuffer-1,,wot
189-168_toconquersomebodysomethingtriumphoversomebodysomethinggainvictory,EAH-168_toconquersomebodysomethingtriumphoversomebodysomethinggainvictory-1,WOT-168_toconquersomebodysomethingtriumphoversomebodysomethinggainvictory-1,,wot
190-169_tocatchfirebekindledtobeignited,EAH-169_tocatchfirebekindledtobeignited-1,WOT-169_tocatchfirebekindledtobeignited-1,,wot
191-170_tokneadpug,EAH-170_tokneadpug-1,WOT-170_tokneadpug-1,,wot
192-171_toassemblegather,EAH-171_toassemblegather-1,WOT-171_toassemblegather-1,,wot
193-172_tocollectgathersomething,EAH-172_tocollectgathersomething-1,WOT-172_tocollectgathersomething-1,,wot
194-173_tohate,EAH-173_tohate-1,WOT-173_tohate-1,,wot
195-174_fruit,EAH-174_fruit-1,WOT-174_fruit-1,,wot
196-175_hawthornaplantsimilartothewhitethornorelder,EAH-175_hawthornaplantsimilartothewhitethornorelder-1,WOT-175_hawthornaplantsimilartothewhitethornorelder-1,,wot
197-176_akindoftreesimilartothemapleorcornelacertataricumcornussanguinea,EAH-176_akindoftreesimilartothemapleorcornelacertataricumcornussanguinea-1,WOT-176_akindoftreesimilartothemapleorcornelacertataricumcornussanguinea-1,,wot
198-177_ring,EAH-177_ring-1,WOT-177_ring-1,,wot
199-178_thimble,EAH-178_thimble-1,WOT-178_thimble-1,,wot
200-179_boatship,EAH-179_boatship-1,WOT-179_boatship-1,,wot
201-180_bell,EAH-180_bell-1,WOT-180_bell-1,,wot
202-181_hawk,EAH-181_hawk-1,WOT-181_hawk-1,,wot
203-182_sand,EAH-182_sand-1,WOT-182_sand-1,,wot
204-183_nooseloopsnare,EAH-183_nooseloopsnare-1,WOT-183_nooseloopsnare-1,,wot
205-184_timeweather,EAH-184_timeweather-1,WOT-184_timeweather-1,,wot
206-185_wordbiblicalwordverb,EAH-185_wordbiblicalwordverb-1,WOT-185_wordbiblicalwordverb-1,,wot
207-186_yesaffirmativeparticlevery,EAH-186_yesaffirmativeparticlevery-1,WOT-186_yesaffirmativeparticlevery-1,,wot
208-187_tobefrightenedtotakefright,EAH-187_tobefrightenedtotakefright-1,WOT-187_tobefrightenedtotakefright-1,,wot
209-187_tobefrightenedtotakefright,EAH-187_tobefrightenedtotakefright-2,WOT-187_tobefrightenedtotakefright-2,,wot
210-188_twin,EAH-188_twin-1,WOT-188_twin-1,,wot
211-189_properbehaviour,EAH-189_properbehaviour-1,WOT-189_properbehaviour-1,,wot
212-190_tosuitsomethingtobepropertofitinto,EAH-190_tosuitsomethingtobepropertofitinto-1,WOT-190_tosuitsomethingtobepropertofitinto-1,,wot
213-191_toadoreworship,EAH-191_toadoreworship-1,WOT-191_toadoreworship-1,,wot
214-192_shirt,EAH-192_shirt-1,WOT-192_shirt-1,,wot
215-193_towrite,EAH-193_towrite-1,WOT-193_towrite-1,,wot
216-194_buttermilk,EAH-194_buttermilk-1,WOT-194_buttermilk-1,,wot
217-195_toglowbehot,EAH-195_toglowbehot-1,WOT-195_toglowbehot-1,,wot
218-199_guidepilotconductorticketinspector,EAH-199_guidepilotconductorticketinspector-2,WOT-199_guidepilotconductorticketinspector-1,,wot
219-200_anethnicgroupofmuslimfaithinmediaevalhungary,EAH-200_anethnicgroupofmuslimfaithinmediaevalhungary-1,WOT-200_anethnicgroupofmuslimfaithinmediaevalhungary-1,,wot
220-201_awaterplantstratiotesaloides,EAH-201_awaterplantstratiotesaloides-1,WOT-201_awaterplantstratiotesaloides-1,,wot
221-201_awaterplantstratiotesaloides,EAH-201_awaterplantstratiotesaloides-2,WOT-201_awaterplantstratiotesaloides-2,,wot
222-201_awaterplantstratiotesaloides,EAH-201_awaterplantstratiotesaloides-3,WOT-201_awaterplantstratiotesaloides-3,,wot
223-205_measles,EAH-205_measles-1,WOT-205_measles-1,,wot
224-206_trapsnare,EAH-206_trapsnare-1,WOT-206_trapsnare-1,,wot
225-207_gate,EAH-207_gate-1,WOT-207_gate-1,,wot
226-208_arm,EAH-208_arm-1,WOT-208_arm-1,,wot
227-210_manofgritstoutfellow,EAH-210_manofgritstoutfellow-1,WOT-210_manofgritstoutfellow-1,,wot
228-211_sheepfoldcattlegridstockyardayardencircledbyafenceshedforanimals,EAH-211_sheepfoldcattlegridstockyardayardencircledbyafenceshedforanimals-1,WOT-211_sheepfoldcattlegridstockyardayardencircledbyafenceshedforanimals-1,,wot
229-212_pinkseveralkindsofpinkdanthusdcaryophyllusseveralmembersofthecaryophillace,EAH-212_pinkseveralkindsofpinkdanthusdcaryophyllusseveralmembersofthecaryophillace-1,WOT-212_pinkseveralkindsofpinkdanthusdcaryophyllusseveralmembersofthecaryophillace-1,,wot
230-212_pinkseveralkindsofpinkdanthusdcaryophyllusseveralmembersofthecaryophillace,EAH-212_pinkseveralkindsofpinkdanthusdcaryophyllusseveralmembersofthecaryophillace-2,WOT-212_pinkseveralkindsofpinkdanthusdcaryophyllusseveralmembersofthecaryophillace-2,,wot
231-213_stakepalestick,EAH-213_stakepalestick-1,WOT-213_stakepalestick-1,,wot
232-214_afishingwaterbirdwithblackfeatherscormorantphalacrocoraxcarbo,EAH-214_afishingwaterbirdwithblackfeatherscormorantphalacrocoraxcarbo-1,WOT-214_afishingwaterbirdwithblackfeatherscormorantphalacrocoraxcarbo-1,,wot
233-215_sparrowhawkaccipiternnisus,EAH-215_sparrowhawkaccipiternnisus-1,WOT-215_sparrowhawkaccipiternnisus-1,,wot
234-216_chicorycichoriumspcichoriumintybus,EAH-216_chicorycichoriumspcichoriumintybus-1,WOT-216_chicorycichoriumspcichoriumintybus-1,,wot
235-217_anethnicnamekazar,EAH-217_anethnicnamekazar-1,WOT-217_anethnicnamekazar-1,,wot
236-219_goatcaprahircus,EAH-219_goatcaprahircus-1,WOT-219_goatcaprahircus-1,,wot
237-220_blue,EAH-220_blue-1,WOT-220_blue-1,,wot
238-221_trousseaudowrygiftgivenwiththebrideorbridegroom,EAH-221_trousseaudowrygiftgivenwiththebrideorbridegroom-1,WOT-221_trousseaudowrygiftgivenwiththebrideorbridegroom-1,,wot
239-222_hempcannabis,EAH-222_hempcannabis-1,WOT-222_hempcannabis-1,,wot
240-223_mercury,EAH-223_mercury-1,WOT-223_mercury-1,,wot
241-225_shockshooksheavesplacedcrosswisealsoaunitofgrainpaidorgiven,EAH-225_shockshooksheavesplacedcrosswisealsoaunitofgrainpaidorgiven-1,WOT-225_shockshooksheavesplacedcrosswisealsoaunitofgrainpaidorgiven-1,,wot
242-227_toruminateofbovines,EAH-227_toruminateofbovines-1,WOT-227_toruminateofbovines-1,,wot
243-228_cud,EAH-228_cud-1,WOT-228_cud-1,,wot
244-229_gardenplaceforanimals,EAH-229_gardenplaceforanimals-1,WOT-229_gardenplaceforanimals-1,,wot
245-230_vulturevultur,EAH-230_vulturevultur-1,WOT-230_vulturevultur-1,,wot
246-231_tobebecomelate,EAH-231_tobebecomelate-1,WOT-231_tobebecomelate-1,,wot
247-233_smalllittle,EAH-233_smalllittle-1,WOT-233_smalllittle-1,,wot
248-233_smalllittle,EAH-233_smalllittle-2,WOT-233_smalllittle-2,,wot
249-232_small,EAH-232_small-1,WOT-232_small-1,,wot
250-233_smalllittle,EAH-233_smalllittle-3,WOT-233_smalllittle-3,,wot
251-235_wildmeadowsaffroncolchicumautumnalelionstoothtaraxacum,EAH-235_wildmeadowsaffroncolchicumautumnalelionstoothtaraxacum-1,WOT-235_wildmeadowsaffroncolchicumautumnalelionstoothtaraxacum-1,,wot
252-236_abirdsimilartoafalconakindofbirdofprey,EAH-236_abirdsimilartoafalconakindofbirdofprey-1,WOT-236_abirdsimilartoafalconakindofbirdofprey-1,,wot
253-237_pain,EAH-237_pain-1,WOT-237_pain-1,,wot
254-240_tobegtomendicate,EAH-240_tobegtomendicate-1,WOT-240_tobegtomendicate-1,,wot
255-241_beggar,EAH-241_beggar-1,WOT-241_beggar-1,,wot
256-241_beggar,EAH-241_beggar-2,WOT-241_beggar-2,,wot
257-242_hopshumuluslupulus,EAH-242_hopshumuluslupulus-1,WOT-242_hopshumuluslupulus-1,,wot
258-243_timothygrassphleumphleumsp,EAH-243_timothygrassphleumphleumsp-1,WOT-243_timothygrassphleumphleumsp-1,,wot
259-245_gloomygravemorosesombredullcolourednotproperlycastrated,EAH-245_gloomygravemorosesombredullcolourednotproperlycastrated-1,WOT-245_gloomygravemorosesombredullcolourednotproperlycastrated-1,,wot
260-246_coffin,EAH-246_coffin-1,WOT-246_coffin-1,,wot
261-247_ageperiod,EAH-247_ageperiod-1,WOT-247_ageperiod-1,,wot
262-248_tombsmallhillelevateddryplaceinamarsh,EAH-248_tombsmallhillelevateddryplaceinamarsh-1,WOT-248_tombsmallhillelevateddryplaceinamarsh-1,,wot
263-249_drystalkofweed,EAH-249_drystalkofweed-1,WOT-249_drystalkofweed-1,,wot
264-250_soot,EAH-250_soot-1,WOT-250_soot-1,,wot
265-251_ram,EAH-251_ram-1,WOT-251_ram-1,,wot
266-252_burn,EAH-252_burn-1,WOT-252_burn-1,,wot
267-253_frocksheepskinwaistcoat,EAH-253_frocksheepskinwaistcoat-1,WOT-253_frocksheepskinwaistcoat-1,,wot
268-253_frocksheepskinwaistcoat,EAH-253_frocksheepskinwaistcoat-2,WOT-253_frocksheepskinwaistcoat-2,,wot
269-254_blackthornprunusspinosa,EAH-254_blackthornprunusspinosa-1,WOT-254_blackthornprunusspinosa-1,,wot
270-255_loan,EAH-255_loan-1,WOT-255_loan-1,,wot
271-256_thenavelvariouspartsofagriculturalandotherinstrumentsaroundwhichsomethingturnsorrotatesorwhichisinthecentre,EAH-256_thenavelvariouspartsofagriculturalandotherinstrumentsaroundwhichsomethingturnsorrotatesorwhichisinthecentre-1,WOT-256_thenavelvariouspartsofagriculturalandotherinstrumentsaroundwhichsomethingturnsorrotatesorwhichisinthecentre-1,,wot
272-257_youngofananimalkidpuppylad,EAH-257_youngofananimalkidpuppylad-1,WOT-257_youngofananimalkidpuppylad-1,,wot
273-258_pounderbeatersmallmortar,EAH-258_pounderbeatersmallmortar-1,WOT-258_pounderbeatersmallmortar-1,,wot
274-260_book,EAH-260_book-1,WOT-260_book-1,,wot
275-260_book,EAH-260_book-2,WOT-260_book-2,,wot
276-261_stumpyasmallthickman,EAH-261_stumpyasmallthickman-1,WOT-261_stumpyasmallthickman-1,,wot
277-262_akindofhungariansheepdogkomondor,EAH-262_akindofhungariansheepdogkomondor-1,WOT-262_akindofhungariansheepdogkomondor-1,,wot
278-263_cloakgownovercoat,EAH-263_cloakgownovercoat-1,WOT-263_cloakgownovercoat-1,,wot
279-264_churnbeehiveanythingwithahollowpartinwhichsomethingcanbefittedinatroughtrayforchannellingwaterthesameusedasasmallbridgethelatterintranslyvania,EAH-264_churnbeehiveanythingwithahollowpartinwhichsomethingcanbefittedinatroughtrayforchannellingwaterthesameusedasasmallbridgethelatterintranslyvania-1,WOT-264_churnbeehiveanythingwithahollowpartinwhichsomethingcanbefittedinatroughtrayforchannellingwaterthesameusedasasmallbridgethelatterintranslyvania-1,,wot
280-265_ashtreefraxinussp,EAH-265_ashtreefraxinussp-1,WOT-265_ashtreefraxinussp-1,,wot
281-266_mellowpowderycrumblyrottenmouldy,EAH-266_mellowpowderycrumblyrottenmouldy-1,WOT-266_mellowpowderycrumblyrottenmouldy-1,,wot
282-267_pearpyruscommunis,EAH-267_pearpyruscommunis-1,WOT-267_pearpyruscommunis-1,,wot
283-267_pearpyruscommunis,EAH-267_pearpyruscommunis-2,WOT-267_pearpyruscommunis-2,,wot
284-268_togreettothank,EAH-268_togreettothank-1,WOT-268_togreettothank-1,,wot
285-269_thecumanethnicgroupinhungary,EAH-269_thecumanethnicgroupinhungary-1,WOT-269_thecumanethnicgroupinhungary-1,,wot
286-272_laughingbirdpicusviridis,EAH-272_laughingbirdpicusviridis-1,WOT-272_laughingbirdpicusviridis-1,,wot
287-271_afishlivingatthebottomoftherivergudgeongobiofluviatilis,EAH-271_afishlivingatthebottomoftherivergudgeongobiofluviatilis-1,WOT-271_afishlivingatthebottomoftherivergudgeongobiofluviatilis-1,,wot
288-272_laughingbirdpicusviridis,EAH-272_laughingbirdpicusviridis-2,WOT-272_laughingbirdpicusviridis-2,,wot
289-273_drysummerfograinbow,EAH-273_drysummerfograinbow-1,WOT-273_drysummerfograinbow-1,,wot
290-274_thenameofagroupofmilitarypeopleinhungarythecumanbodyguardtothehungarianking,EAH-274_thenameofagroupofmilitarypeopleinhungarythecumanbodyguardtothehungarianking-1,WOT-274_thenameofagroupofmilitarypeopleinhungarythecumanbodyguardtothehungarianking-1,,wot
291-275_chaffhuskswinnowingstailingsrefuseofgrain,EAH-275_chaffhuskswinnowingstailingsrefuseofgrain-1,WOT-275_chaffhuskswinnowingstailingsrefuseofgrain-1,,wot
292-276_causereason,EAH-276_causereason-1,WOT-276_causereason-1,,wot
293-277_toteach,EAH-277_toteach-1,WOT-277_toteach-1,,wot
294-278_stycattlepensheepfold,EAH-278_stycattlepensheepfold-1,WOT-278_stycattlepensheepfold-1,,wot
295-279_cheap,EAH-279_cheap-1,WOT-279_cheap-1,,wot
296-280_kidofagoat,EAH-280_kidofagoat-1,WOT-280_kidofagoat-1,,wot
297-281_spermseminalfluid,EAH-281_spermseminalfluid-1,WOT-281_spermseminalfluid-1,,wot
298-283_russian,EAH-283_russian-1,WOT-283_russian-1,,wot
299-284_lion,EAH-284_lion-1,WOT-284_lion-1,,wot
300-285_spindlewhorl,EAH-285_spindlewhorl-1,WOT-285_spindlewhorl-1,,wot
301-286_thief,EAH-286_thief-1,WOT-286_thief-1,,wot
302-287_physician,EAH-287_physician-1,WOT-287_physician-1,,wot
303-288_cuneinplayinostabla,EAH-288_cuneinplayinostabla-1,WOT-288_cuneinplayinostabla-1,,wot
304-289_ox,EAH-289_ox-1,WOT-289_ox-1,,wot
305-290_tostitchtoputonadress,EAH-290_tostitchtoputonadress-1,WOT-290_tostitchtoputonadress-1,,wot
306-291_hawkbuzzardbuteobuteo,EAH-291_hawkbuzzardbuteobuteo-1,WOT-291_hawkbuzzardbuteobuteo-1,,wot
307-292_totakeroottogrowstrongerplantanimal,EAH-292_totakeroottogrowstrongerplantanimal-1,WOT-292_totakeroottogrowstrongerplantanimal-1,,wot
308-293_togrindmill,EAH-293_togrindmill-1,WOT-293_togrindmill-1,,wot
309-294_millingproduct,EAH-294_millingproduct-1,WOT-294_millingproduct-1,,wot
310-295_armenian,EAH-295_armenian-1,WOT-295_armenian-1,,wot
311-296_eternal,EAH-296_eternal-1,WOT-296_eternal-1,,wot
312-297_torejoicetobeglad,EAH-297_torejoicetobeglad-1,WOT-297_torejoicetobeglad-1,,wot
313-298_tobecomemad,EAH-298_tobecomemad-1,WOT-298_tobecomemad-1,,wot
314-299_whirlpooleddy,EAH-299_whirlpooleddy-1,WOT-299_whirlpooleddy-1,,wot
315-299_whirlpooleddy,EAH-299_whirlpooleddy-2,WOT-299_whirlpooleddy-2,,wot
316-299_whirlpooleddy,EAH-299_whirlpooleddy-3,WOT-299_whirlpooleddy-3,,wot
317-299_whirlpooleddy,EAH-299_whirlpooleddy-4,WOT-299_whirlpooleddy-4,,wot
318-299_whirlpooleddy,EAH-299_whirlpooleddy-5,WOT-299_whirlpooleddy-5,,wot
319-299_whirlpooleddy,EAH-299_whirlpooleddy-6,WOT-299_whirlpooleddy-6,,wot
320-300_flooddelugestream,EAH-300_flooddelugestream-1,WOT-300_flooddelugestream-1,,wot
321-301_cheese,EAH-301_cheese-1,WOT-301_cheese-1,,wot
322-301_cheese,EAH-301_cheese-2,WOT-301_cheese-2,,wot
323-302_mudmarsh,EAH-302_mudmarsh-1,WOT-302_mudmarsh-1,,wot
324-303_yellow,EAH-303_yellow-1,WOT-303_yellow-1,,wot
325-303_yellow,EAH-303_yellow-2,WOT-303_yellow-2,,wot
326-304_dragon,EAH-304_dragon-1,WOT-304_dragon-1,,wot
327-305_sickle,EAH-305_sickle-1,WOT-305_sickle-1,,wot
328-306_atypeofwildonionornithogalum,EAH-306_atypeofwildonionornithogalum-1,WOT-306_atypeofwildonionornithogalum-1,,wot
329-307_footwearsandals,EAH-307_footwearsandals-1,WOT-307_footwearsandals-1,,wot
330-308_tent,EAH-308_tent-1,WOT-308_tent-1,,wot
331-309_fastquick,EAH-309_fastquick-1,WOT-309_fastquick-1,,wot
332-310_tosweeptobroom,EAH-310_tosweeptobroom-1,WOT-310_tosweeptobroom-1,,wot
333-311_broom,EAH-311_broom-1,WOT-311_broom-1,,wot
334-312_draffleesdregsofwine,EAH-312_draffleesdregsofwine-1,WOT-312_draffleesdregsofwine-1,,wot
335-312_draffleesdregsofwine,EAH-312_draffleesdregsofwine-2,WOT-312_draffleesdregsofwine-2,,wot
336-313_toinjuretohurt,EAH-313_toinjuretohurt-1,WOT-313_toinjuretohurt-1,,wot
337-314_armytroopscrowd,EAH-314_armytroopscrowd-1,WOT-314_armytroopscrowd-1,,wot
338-315_anit,EAH-315_anit-1,WOT-315_anit-1,,wot
339-316_cupgoblet,EAH-316_cupgoblet-1,WOT-316_cupgoblet-1,,wot
340-317_bristlesalsoshortsheavesusedtostrengthenathatchedroof,EAH-317_bristlesalsoshortsheavesusedtostrengthenathatchedroof-1,WOT-317_bristlesalsoshortsheavesusedtostrengthenathatchedroof-1,,wot
341-318_evenflatopenwater,EAH-318_evenflatopenwater-1,WOT-318_evenflatopenwater-1,,wot
342-319_smoothsimit,EAH-319_smoothsimit-1,WOT-319_smoothsimit-1,,wot
343-320_runningwaterrunningchannelunderamill,EAH-320_runningwaterrunningchannelunderamill-1,WOT-320_runningwaterrunningchannelunderamill-1,,wot
344-321_springwellbrook,EAH-321_springwellbrook-1,WOT-321_springwellbrook-1,,wot
345-323_falcon,EAH-323_falcon-1,WOT-323_falcon-1,,wot
346-323_falcon,EAH-323_falcon-2,WOT-323_falcon-2,,wot
347-324_dogwoodtreecornelcornus,EAH-324_dogwoodtreecornelcornus-1,WOT-324_dogwoodtreecornelcornus-1,,wot
348-324_dogwoodtreecornelcornus,EAH-324_dogwoodtreecornelcornus-2,WOT-324_dogwoodtreecornelcornus-2,,wot
349-325_beer,EAH-325_beer-1,WOT-325_beer-1,,wot
350-326_sterletsturgeonacipenserstellatusruthenus,EAH-326_sterletsturgeonacipenserstellatusruthenus-1,WOT-326_sterletsturgeonacipenserstellatusruthenus-1,,wot
351-327_pikeperchzanderstizostedionlucioperca,EAH-327_pikeperchzanderstizostedionlucioperca-1,WOT-327_pikeperchzanderstizostedionlucioperca-1,,wot
352-328_scurvy,EAH-328_scurvy-1,WOT-328_scurvy-1,,wot
353-329_densethickofwoodsorsoup,EAH-329_densethickofwoodsorsoup-1,WOT-329_densethickofwoodsorsoup-1,,wot
354-330_brotherinlaw,EAH-330_brotherinlaw-1,WOT-330_brotherinlaw-1,,wot
355-330_brotherinlaw,EAH-330_brotherinlaw-2,WOT-330_brotherinlaw-2,,wot
356-331_mirage,EAH-331_mirage-1,WOT-331_mirage-1,,wot
357-332_uvulatherecurvedpointofafishinghookoralanceredwattleonachicken,EAH-332_uvulatherecurvedpointofafishinghookoralanceredwattleonachicken-1,WOT-332_uvulatherecurvedpointofafishinghookoralanceredwattleonachicken-1,,wot
358-333_beard,EAH-333_beard-1,WOT-333_beard-1,,wot
359-334_raft,EAH-334_raft-1,WOT-334_raft-1,,wot
360-335_number,EAH-335_number-1,WOT-335_number-1,,wot
361-336_tohavepityfortoregret,EAH-336_tohavepityfortoregret-1,WOT-336_tohavepityfortoregret-1,,wot
362-339_bucketwoodenpailwithahandle,EAH-339_bucketwoodenpailwithahandle-1,WOT-339_bucketwoodenpailwithahandle-1,,wot
363-340_lightcolouredyellowishpalepartlybald,EAH-340_lightcolouredyellowishpalepartlybald-1,WOT-340_lightcolouredyellowishpalepartlybald-1,,wot
364-341_wing,EAH-341_wing-1,WOT-341_wing-1,,wot
365-342_grocergrandhandler,EAH-342_grocergrandhandler-1,WOT-342_grocergrandhandler-1,,wot
366-343_chairseatbenchthrone,EAH-343_chairseatbenchthrone-1,WOT-343_chairseatbenchthrone-1,,wot
367-344_wind,EAH-344_wind-1,WOT-344_wind-1,,wot
368-345_toslumbertodoze,EAH-345_toslumbertodoze-1,WOT-345_toslumbertodoze-1,,wot
369-345_toslumbertodoze,EAH-345_toslumbertodoze-2,WOT-345_toslumbertodoze-2,,wot
370-346_beautiful,EAH-346_beautiful-1,WOT-346_beautiful-1,,wot
371-347_frecklesunspotstain,EAH-347_frecklesunspotstain-1,WOT-347_frecklesunspotstain-1,,wot
372-348_partofavillagestreetgroupofpeoplerowlineorder,EAH-348_partofavillagestreetgroupofpeoplerowlineorder-1,WOT-348_partofavillagestreetgroupofpeoplerowlineorder-1,,wot
373-349_threshingfloorround,EAH-349_threshingfloorround-1,WOT-349_threshingfloorround-1,,wot
374-350_fumesvapourspiritsalcoholhumours,EAH-350_fumesvapourspiritsalcoholhumours-1,WOT-350_fumesvapourspiritsalcoholhumours-1,,wot
375-351_colourfaceexternalappearancethebestpartofsomethingtheupperpartofsomething,EAH-351_colourfaceexternalappearancethebestpartofsomethingtheupperpartofsomething-1,WOT-351_colourfaceexternalappearancethebestpartofsomethingtheupperpartofsomething-1,,wot
376-352_thinhideropestrapusedforembroideryorasawhiprefrozenthinlayerafterthemeltingofsnow,EAH-352_thinhideropestrapusedforembroideryorasawhiprefrozenthinlayerafterthemeltingofsnow-1,WOT-352_thinhideropestrapusedforembroideryorasawhiprefrozenthinlayerafterthemeltingofsnow-1,,wot
377-352_thinhideropestrapusedforembroideryorasawhiprefrozenthinlayerafterthemeltingofsnow,EAH-352_thinhideropestrapusedforembroideryorasawhiprefrozenthinlayerafterthemeltingofsnow-2,WOT-352_thinhideropestrapusedforembroideryorasawhiprefrozenthinlayerafterthemeltingofsnow-2,,wot
378-354_word,EAH-354_word-1,WOT-354_word-1,,wot
379-355_akindoffalconpielfalcusgyrfalco,EAH-355_akindoffalconpielfalcusgyrfalco-1,WOT-355_akindoffalconpielfalcusgyrfalco-1,,wot
380-356_tospreadtoscattertowinnow,EAH-356_tospreadtoscattertowinnow-1,WOT-356_tospreadtoscattertowinnow-1,,wot
381-357_grasshopper,EAH-357_grasshopper-1,WOT-357_grasshopper-1,,wot
382-358_toleaptojumptoescapetoflee,EAH-358_toleaptojumptoescapetoflee-1,WOT-358_toleaptojumptoescapetoflee-1,,wot
383-359_grapewinegrapevitisvinifer,EAH-359_grapewinegrapevitisvinifer-1,WOT-359_grapewinegrapevitisvinifer-1,,wot
384-359_grapewinegrapevitisvinifer,EAH-359_grapewinegrapevitisvinifer-2,WOT-359_grapewinegrapevitisvinifer-2,,wot
385-360_mosquitognatculexpipens,EAH-360_mosquitognatculexpipens-1,WOT-360_mosquitognatculexpipens-1,,wot
386-361_furrier,EAH-361_furrier-1,WOT-361_furrier-1,,wot
387-362_toceasetostop,EAH-362_toceasetostop-1,WOT-362_toceasetostop-1,,wot
388-363_tostraintofilter,EAH-363_tostraintofilter-1,WOT-363_tostraintofilter-1,,wot
389-364_virginpure,EAH-364_virginpure-1,WOT-364_virginpure-1,,wot
390-365_sorcerermedicineman,EAH-365_sorcerermedicineman-1,WOT-365_sorcerermedicineman-1,,wot
391-366_advicecouncil,EAH-366_advicecouncil-1,WOT-366_advicecouncil-1,,wot
392-367_witness,EAH-367_witness-1,WOT-367_witness-1,,wot
393-368_tofeedtonourish,EAH-368_tofeedtonourish-1,WOT-368_tofeedtonourish-1,,wot
394-369_tindertinderfungusfomesfomentarius,EAH-369_tindertinderfungusfomesfomentarius-1,WOT-369_tindertinderfungusfomesfomentarius-1,,wot
395-370_bald,EAH-370_bald-1,WOT-370_bald-1,,wot
396-371_depot,EAH-371_depot-1,WOT-371_depot-1,,wot
397-372_ploughfieldarablefieldstubblefield,EAH-372_ploughfieldarablefieldstubblefield-1,WOT-372_ploughfieldarablefieldstubblefield-1,,wot
398-373_toholdcarrytolastvisszatart,EAH-373_toholdcarrytolastvisszatart-1,WOT-373_toholdcarrytolastvisszatart-1,,wot
399-374_tatar,EAH-374_tatar-1,WOT-374_tatar-1,,wot
400-375_nameofseveralkindsofplantseganemosphorosbuniasorientalisnapuscrambetataricastormwind,EAH-375_nameofseveralkindsofplantseganemosphorosbuniasorientalisnapuscrambetataricastormwind-1,WOT-375_nameofseveralkindsofplantseganemosphorosbuniasorientalisnapuscrambetataricastormwind-1,,wot
401-375_nameofseveralkindsofplantseganemosphorosbuniasorientalisnapuscrambetataricastormwind,EAH-375_nameofseveralkindsofplantseganemosphorosbuniasorientalisnapuscrambetataricastormwind-2,WOT-375_nameofseveralkindsofplantseganemosphorosbuniasorientalisnapuscrambetataricastormwind-2,,wot
402-376_towindsomethingroundtotwist,EAH-376_towindsomethingroundtotwist-1,WOT-376_towindsomethingroundtotwist-1,,wot
403-377_troughwashtubhutch,EAH-377_troughwashtubhutch-1,WOT-377_troughwashtubhutch-1,,wot
404-378_straponawhiporonakindofsandal,EAH-378_straponawhiporonakindofsandal-1,WOT-378_straponawhiporonakindofsandal-1,,wot
405-379_apieceoflandfieldparcelpatchahigherplacewhereanimalsrestandaccumulatedung,EAH-379_apieceoflandfieldparcelpatchahigherplacewhereanimalsrestandaccumulatedung-1,WOT-379_apieceoflandfieldparcelpatchahigherplacewhereanimalsrestandaccumulatedung-1,,wot
406-380_tovegetatetolingerinmisery,EAH-380_tovegetatetolingerinmisery-1,WOT-380_tovegetatetolingerinmisery-1,,wot
407-381_axle,EAH-381_axle-1,WOT-381_axle-1,,wot
408-382_sea,EAH-382_sea-1,WOT-382_sea-1,,wot
409-383_toturntochangetheoriginaldirection,EAH-383_toturntochangetheoriginaldirection-1,WOT-383_toturntochangetheoriginaldirection-1,,wot
410-383_toturntochangetheoriginaldirection,EAH-383_toturntochangetheoriginaldirection-2,WOT-383_toturntochangetheoriginaldirection-2,,wot
411-384_knee,EAH-384_knee-1,WOT-384_knee-1,,wot
412-385_hallchambergreatroom,EAH-385_hallchambergreatroom-1,WOT-385_hallchambergreatroom-1,,wot
413-386_camel,EAH-386_camel-1,WOT-386_camel-1,,wot
414-387_hempbreakerswinglescutch,EAH-387_hempbreakerswinglescutch-1,WOT-387_hempbreakerswinglescutch-1,,wot
415-388_steeryoungbullockox,EAH-388_steeryoungbullockox-1,WOT-388_steeryoungbullockox-1,,wot
416-389_tolayeggs,EAH-389_tolayeggs-1,WOT-389_tolayeggs-1,,wot
417-389_tolayeggs,EAH-389_tolayeggs-2,WOT-389_tolayeggs-2,,wot
418-390_sturgeonacipensersturio,EAH-390_sturgeonacipensersturio-1,WOT-390_sturgeonacipensersturio-1,,wot
419-391_oneyearoldlamb,EAH-391_oneyearoldlamb-1,WOT-391_oneyearoldlamb-1,,wot
420-392_interpreter,EAH-392_interpreter-1,WOT-392_interpreter-1,,wot
421-393_horseradisharmoraciarusticana,EAH-393_horseradisharmoraciarusticana-1,WOT-393_horseradisharmoraciarusticana-1,,wot
422-394_topileuptobecomeblocked,EAH-394_topileuptobecomeblocked-1,WOT-394_topileuptobecomeblocked-1,,wot
423-394_topileuptobecomeblocked,EAH-394_topileuptobecomeblocked-2,WOT-394_topileuptobecomeblocked-2,,wot
424-395_akindofsmallfalconfalcocolumbariusaescalon,EAH-395_akindofsmallfalconfalcocolumbariusaescalon-1,WOT-395_akindofsmallfalconfalcocolumbariusaescalon-1,,wot
425-396_slovak,EAH-396_slovak-1,WOT-396_slovak-1,,wot
426-397_perfect,EAH-397_perfect-1,WOT-397_perfect-1,,wot
427-398_innumerable,EAH-398_innumerable-1,WOT-398_innumerable-1,,wot
428-399_tobreakalsoeghempsaltpeppertoseparateintopiecestobreaktocrush,EAH-399_tobreakalsoeghempsaltpeppertoseparateintopiecestobreaktocrush-1,WOT-399_tobreakalsoeghempsaltpeppertoseparateintopiecestobreaktocrush-1,,wot
429-400_snaretrap,EAH-400_snaretrap-1,WOT-400_snaretrap-1,,wot
430-401_turkturkishturkicottoman,EAH-401_turkturkishturkicottoman-1,WOT-401_turkturkishturkicottoman-1,,wot
431-402_tohappentooccur,EAH-402_tohappentooccur-1,WOT-402_tohappentooccur-1,,wot
432-403_law,EAH-403_law-1,WOT-403_law-1,,wot
433-404_peatturfdrieddung,EAH-404_peatturfdrieddung-1,WOT-404_peatturfdrieddung-1,,wot
434-405_steeryoungbullockoxorcow,EAH-405_steeryoungbullockoxorcow-1,WOT-405_steeryoungbullockoxorcow-1,,wot
435-406_cottagecheesecheesecurds,EAH-406_cottagecheesecheesecurds-1,WOT-406_cottagecheesecheesecurds-1,,wot
436-407_thetotembirdofthearpaddynastyabirdofprey,EAH-407_thetotembirdofthearpaddynastyabirdofprey-1,WOT-407_thetotembirdofthearpaddynastyabirdofprey-1,,wot
437-408_bustardotis,EAH-408_bustardotis-1,WOT-408_bustardotis-1,,wot
438-409_mirror,EAH-409_mirror-1,WOT-409_mirror-1,,wot
439-409_mirror,EAH-409_mirror-2,WOT-409_mirror-2,,wot
440-410_toenduresufferbearstand,EAH-410_toenduresufferbearstand-1,WOT-410_toenduresufferbearstand-1,,wot
441-411_torollupascrolloronessleeves,EAH-411_torollupascrolloronessleeves-1,WOT-411_torollupascrolloronessleeves-1,,wot
442-412_hen,EAH-412_hen-1,WOT-412_hen-1,,wot
443-413_owlstrix,EAH-413_owlstrix-1,WOT-413_owlstrix-1,,wot
444-414_gentlemanlordsirhighdignitylordalsoofakingorofgod,EAH-414_gentlemanlordsirhighdignitylordalsoofakingorofgod-1,WOT-414_gentlemanlordsirhighdignitylordalsoofakingorofgod-1,,wot
445-415_torefreshoneselftoresttobecomecured,EAH-415_torefreshoneselftoresttobecomecured-1,WOT-415_torefreshoneselftoresttobecomecured-1,,wot
446-416_feast,EAH-416_feast-1,WOT-416_feast-1,,wot
447-417_heiferroedoe,EAH-417_heiferroedoe-1,WOT-417_heiferroedoe-1,,wot
448-418_groundsquirrelcitelluscitellus,EAH-418_groundsquirrelcitelluscitellus-1,WOT-418_groundsquirrelcitelluscitellus-1,,wot
449-418_groundsquirrelcitelluscitellus,EAH-418_groundsquirrelcitelluscitellus-2,WOT-418_groundsquirrelcitelluscitellus-2,,wot
450-419_wormwoodartemisiabitterness,EAH-419_wormwoodartemisiabitterness-1,WOT-419_wormwoodartemisiabitterness-1,,wot
451-419_wormwoodartemisiabitterness,EAH-419_wormwoodartemisiabitterness-2,WOT-419_wormwoodartemisiabitterness-2,,wot
452-420_wethersheep,EAH-420_wethersheep-1,WOT-420_wethersheep-1,,wot
453-421_hotembersextinguishedembers,EAH-421_hotembersextinguishedembers-1,WOT-421_hotembersextinguishedembers-1,,wot
454-421_hotembersextinguishedembers,EAH-421_hotembersextinguishedembers-2,WOT-421_hotembersextinguishedembers-2,,wot
455-422_oneyearoldfemalesheep,EAH-422_oneyearoldfemalesheep-1,WOT-422_oneyearoldfemalesheep-1,,wot
456-423_tohollowouttoscoopout,EAH-423_tohollowouttoscoopout-1,WOT-423_tohollowouttoscoopout-1,,wot
457-424_troughtray,EAH-424_troughtray-1,WOT-424_troughtray-1,,wot
458-425_fishweir,EAH-425_fishweir-1,WOT-425_fishweir-1,,wot
459-426_aholeintheiceforfishing,EAH-426_aholeintheiceforfishing-1,WOT-426_aholeintheiceforfishing-1,,wot
460-426_aholeintheiceforfishing,EAH-426_aholeintheiceforfishing-2,WOT-426_aholeintheiceforfishing-2,,wot
461-427_guest,EAH-427_guest-1,WOT-427_guest-1,,wot
462-429_gablefrontispiece,EAH-429_gablefrontispiece-1,WOT-429_gablefrontispiece-1,,wot
463-430_chamoisrupicaprarupicapra,EAH-430_chamoisrupicaprarupicapra-1,WOT-430_chamoisrupicaprarupicapra-1,,wot
